Stock Price,OPEN PRICE,HIGH ,LOW,RANK,PE_RATIO,EPS,MCAP,SECTOR MCAP RANK,PB RATIO,Div Yield percentage,FACE VALUE,BETA,VWAP,52 Week High/Low,Overall Recommendation,Strong Buy,Buy,Hold,Sell,Strong_sell,Date,Time
"6,615.70",6650.05,6660.00,6602.00,66,29.69,223.04,"4,09,440",2,7.52,0.45,2.00,2.30,"6,628.14","8,192.00 / 5,485.70",BUY,14,8,2,4,-,2024-02-16,12:33:27
"6,613.80",6650.05,6660.00,6602.00,66,29.69,223.04,"4,09,440",2,7.52,0.45,2.00,2.30,"6,628.14","8,192.00 / 5,485.70",BUY,14,8,2,4,-,2024-02-16,12:33:38
"6,615.00",6650.05,6660.00,6602.00,66,29.69,223.04,"4,09,440",2,7.52,0.45,2.00,2.30,"6,628.14","8,192.00 / 5,485.70",BUY,14,8,2,4,-,2024-02-16,12:33:49
"6,615.30",6650.05,6660.00,6602.00,66,29.69,223.04,"4,09,440",2,7.52,0.45,2.00,2.30,"6,628.14","8,192.00 / 5,485.70",BUY,14,8,2,4,-,2024-02-16,12:33:59
"6,615.30",6650.05,6660.00,6602.00,66,29.69,223.04,"4,09,440",2,7.52,0.45,2.00,2.30,"6,628.14","8,192.00 / 5,485.70",BUY,14,8,2,4,-,2024-02-16,12:34:10
"6,616.10",6650.05,6660.00,6602.00,66,29.69,223.04,"4,09,440",2,7.52,0.45,2.00,2.30,"6,628.14","8,192.00 / 5,485.70",BUY,14,8,2,4,-,2024-02-16,12:34:21
"6,615.00",6650.05,6660.00,6602.00,66,29.69,223.04,"4,09,440",2,7.52,0.45,2.00,2.30,"6,628.14","8,192.00 / 5,485.70",BUY,14,8,2,4,-,2024-02-16,12:34:31
"6,615.00",6650.05,6660.00,6602.00,66,29.69,223.04,"4,09,440",2,7.52,0.45,2.00,2.30,"6,628.14","8,192.00 / 5,485.70",BUY,14,8,2,4,-,2024-02-16,12:34:41
"6,615.00",6650.05,6660.00,6602.00,66,29.69,223.04,"4,09,440",2,7.52,0.45,2.00,2.30,"6,628.14","8,192.00 / 5,485.70",BUY,14,8,2,4,-,2024-02-16,12:34:52
"6,615.00",6650.05,6660.00,6602.00,66,29.69,223.04,"4,09,440",2,7.52,0.45,2.00,2.30,"6,628.14","8,192.00 / 5,485.70",BUY,14,8,2,4,-,2024-02-16,12:35:02
"6,615.00",6650.05,6660.00,6602.00,66,29.69,223.04,"4,09,440",2,7.52,0.45,2.00,2.30,"6,628.14","8,192.00 / 5,485.70",BUY,14,8,2,4,-,2024-02-16,12:35:13
"6,622.05",,,,66,29.69,223.04,"4,09,440",2,7.52,0.45,2.00,2.30,"6,628.14","8,192.00 / 5,485.70",BUY,14,8,2,4,-,2024-02-16,12:35:25
"6,622.05",,,,66,29.69,223.04,"4,09,440",2,7.52,0.45,2.00,2.30,"6,628.14","8,192.00 / 5,485.70",BUY,14,8,2,4,-,2024-02-16,12:35:35
"6,622.05",,,,66,29.69,223.04,"4,09,440",2,7.52,0.45,2.00,2.30,"6,628.14","8,192.00 / 5,485.70",BUY,14,8,2,4,-,2024-02-16,12:35:46
"6,622.05",,,,66,29.69,223.04,"4,09,440",2,7.52,0.45,2.00,2.30,"6,628.14","8,192.00 / 5,485.70",BUY,14,8,2,4,-,2024-02-16,12:35:57
"6,622.05",,,,66,29.69,223.04,"4,09,440",2,7.52,0.45,2.00,2.30,"6,628.14","8,192.00 / 5,485.70",BUY,14,8,2,4,-,2024-02-16,12:36:07
"6,622.05",,,,66,29.69,223.04,"4,09,440",2,7.52,0.45,2.00,2.30,"6,628.14","8,192.00 / 5,485.70",BUY,14,8,2,4,-,2024-02-16,12:36:17
"6,622.05",,,,66,29.69,223.04,"4,09,440",2,7.52,0.45,2.00,2.30,"6,628.14","8,192.00 / 5,485.70",BUY,14,8,2,4,-,2024-02-16,12:36:28
"6,615.00",6650.05,6660.00,6602.00,66,29.69,223.04,"4,09,440",2,7.52,0.45,2.00,2.30,"6,628.14","8,192.00 / 5,485.70",BUY,14,8,2,4,-,2024-02-16,12:36:39
"6,615.00",6650.05,6660.00,6602.00,66,29.69,223.04,"4,09,440",2,7.52,0.45,2.00,2.30,"6,628.14","8,192.00 / 5,485.70",BUY,14,8,2,4,-,2024-02-16,12:36:49
"6,615.00",6650.05,6660.00,6602.00,66,29.69,223.04,"4,09,440",2,7.52,0.45,2.00,2.30,"6,628.14","8,192.00 / 5,485.70",BUY,14,8,2,4,-,2024-02-16,12:37:00
"6,615.05",6650.05,6660.00,6602.00,66,29.69,223.04,"4,09,440",2,7.52,0.45,2.00,2.30,"6,628.14","8,192.00 / 5,485.70",BUY,14,8,2,4,-,2024-02-16,12:37:11
"6,615.00",6650.05,6660.00,6602.00,66,29.69,223.04,"4,09,440",2,7.52,0.45,2.00,2.30,"6,628.14","8,192.00 / 5,485.70",BUY,14,8,2,4,-,2024-02-16,12:37:21
"6,615.00",6650.05,6660.00,6602.00,66,29.69,223.04,"4,09,440",2,7.52,0.45,2.00,2.30,"6,628.14","8,192.00 / 5,485.70",BUY,14,8,2,4,-,2024-02-16,12:37:32
"6,615.00",6650.05,6660.00,6602.00,66,29.69,223.04,"4,09,440",2,7.52,0.45,2.00,2.30,"6,628.14","8,192.00 / 5,485.70",BUY,14,8,2,4,-,2024-02-16,12:37:43
"6,615.60",6650.05,6660.00,6602.00,66,29.69,223.04,"4,09,440",2,7.52,0.45,2.00,2.30,"6,628.14","8,192.00 / 5,485.70",BUY,14,8,2,4,-,2024-02-16,12:37:53
"6,615.00",6650.05,6660.00,6602.00,66,29.69,223.04,"4,09,440",2,7.52,0.45,2.00,2.30,"6,628.14","8,192.00 / 5,485.70",BUY,14,8,2,4,-,2024-02-16,12:38:04
"6,614.45",6650.05,6660.00,6602.00,66,29.69,223.04,"4,09,440",2,7.52,0.45,2.00,2.30,"6,628.14","8,192.00 / 5,485.70",BUY,14,8,2,4,-,2024-02-16,12:38:15
"6,615.00",6650.05,6660.00,6602.00,66,29.69,223.04,"4,09,440",2,7.52,0.45,2.00,2.30,"6,628.14","8,192.00 / 5,485.70",BUY,14,8,2,4,-,2024-02-16,12:38:25
"6,615.00",6650.05,6660.00,6602.00,66,29.69,223.04,"4,09,440",2,7.52,0.45,2.00,2.30,"6,628.14","8,192.00 / 5,485.70",BUY,14,8,2,4,-,2024-02-16,12:38:36
"6,616.30",6650.05,6660.00,6602.00,66,29.69,223.04,"4,09,440",2,7.52,0.45,2.00,2.30,"6,628.14","8,192.00 / 5,485.70",BUY,14,8,2,4,-,2024-02-16,12:38:47
"6,616.80",6650.05,6660.00,6602.00,66,29.69,223.04,"4,09,440",2,7.52,0.45,2.00,2.30,"6,628.14","8,192.00 / 5,485.70",BUY,14,8,2,4,-,2024-02-16,12:38:57
"6,616.80",6650.05,6660.00,6602.00,66,29.69,223.04,"4,09,440",2,7.52,0.45,2.00,2.30,"6,628.14","8,192.00 / 5,485.70",BUY,14,8,2,4,-,2024-02-16,12:39:08
"6,619.10",6650.05,6660.00,6602.00,66,29.69,223.04,"4,09,440",2,7.52,0.45,2.00,2.30,"6,628.14","8,192.00 / 5,485.70",BUY,14,8,2,4,-,2024-02-16,12:39:19
"6,619.95",6650.05,6660.00,6602.00,66,29.69,223.04,"4,09,440",2,7.52,0.45,2.00,2.30,"6,628.14","8,192.00 / 5,485.70",BUY,14,8,2,4,-,2024-02-16,12:39:29
"6,619.25",6650.05,6660.00,6602.00,66,29.69,223.04,"4,09,440",2,7.52,0.45,2.00,2.30,"6,628.14","8,192.00 / 5,485.70",BUY,14,8,2,4,-,2024-02-16,12:39:40
"6,619.90",6650.05,6660.00,6602.00,66,29.69,223.04,"4,09,440",2,7.52,0.45,2.00,2.30,"6,628.14","8,192.00 / 5,485.70",BUY,14,8,2,4,-,2024-02-16,12:39:51
"6,620.05",6650.05,6660.00,6602.00,66,29.69,223.04,"4,09,440",2,7.52,0.45,2.00,2.30,"6,628.14","8,192.00 / 5,485.70",BUY,14,8,2,4,-,2024-02-16,12:40:02
"6,621.20",6650.05,6660.00,6602.00,66,29.69,223.04,"4,09,440",2,7.52,0.45,2.00,2.30,"6,628.14","8,192.00 / 5,485.70",BUY,14,8,2,4,-,2024-02-16,12:40:12
"6,621.90",6650.05,6660.00,6602.00,66,29.69,223.04,"4,09,440",2,7.52,0.45,2.00,2.30,"6,628.14","8,192.00 / 5,485.70",BUY,14,8,2,4,-,2024-02-16,12:40:23
"6,622.00",6650.05,6660.00,6602.00,66,29.69,223.04,"4,09,440",2,7.52,0.45,2.00,2.30,"6,628.14","8,192.00 / 5,485.70",BUY,14,8,2,4,-,2024-02-16,12:40:34
"6,622.00",6650.05,6660.00,6602.00,66,29.69,223.04,"4,09,440",2,7.52,0.45,2.00,2.30,"6,628.14","8,192.00 / 5,485.70",BUY,14,8,2,4,-,2024-02-16,12:40:44
"6,622.00",6650.05,6660.00,6602.00,66,29.69,223.04,"4,09,440",2,7.52,0.45,2.00,2.30,"6,628.14","8,192.00 / 5,485.70",BUY,14,8,2,4,-,2024-02-16,12:40:55
"6,618.85",6650.05,6660.00,6602.00,66,29.69,223.04,"4,09,440",2,7.52,0.45,2.00,2.30,"6,628.14","8,192.00 / 5,485.70",BUY,14,8,2,4,-,2024-02-16,12:41:06
"6,617.25",6650.05,6660.00,6602.00,66,29.69,223.04,"4,09,440",2,7.52,0.45,2.00,2.30,"6,628.14","8,192.00 / 5,485.70",BUY,14,8,2,4,-,2024-02-16,12:41:17
"6,615.00",6650.05,6660.00,6602.00,66,29.69,223.04,"4,09,440",2,7.52,0.45,2.00,2.30,"6,628.14","8,192.00 / 5,485.70",BUY,14,8,2,4,-,2024-02-16,12:41:28
"6,614.35",6650.05,6660.00,6602.00,66,29.69,223.04,"4,09,440",2,7.52,0.45,2.00,2.30,"6,628.14","8,192.00 / 5,485.70",BUY,14,8,2,4,-,2024-02-16,12:41:39
"6,614.75",6650.05,6660.00,6602.00,66,29.69,223.04,"4,09,440",2,7.52,0.45,2.00,2.30,"6,628.14","8,192.00 / 5,485.70",BUY,14,8,2,4,-,2024-02-16,12:41:50
"6,618.00",6650.05,6660.00,6602.00,66,29.69,223.04,"4,09,440",2,7.52,0.45,2.00,2.30,"6,628.14","8,192.00 / 5,485.70",BUY,14,8,2,4,-,2024-02-16,12:42:00
"6,615.00",6650.05,6660.00,6602.00,66,29.69,223.04,"4,09,440",2,7.52,0.45,2.00,2.30,"6,628.14","8,192.00 / 5,485.70",BUY,14,8,2,4,-,2024-02-16,12:42:11
"6,616.00",6650.05,6660.00,6602.00,66,29.69,223.04,"4,09,440",2,7.52,0.45,2.00,2.30,"6,628.14","8,192.00 / 5,485.70",BUY,14,8,2,4,-,2024-02-16,12:42:23
"6,616.00",6650.05,6660.00,6602.00,66,29.69,223.04,"4,09,440",2,7.52,0.45,2.00,2.30,"6,628.14","8,192.00 / 5,485.70",BUY,14,8,2,4,-,2024-02-16,12:42:34
"6,615.25",6650.05,6660.00,6602.00,66,29.69,223.04,"4,09,440",2,7.52,0.45,2.00,2.30,"6,628.14","8,192.00 / 5,485.70",BUY,14,8,2,4,-,2024-02-16,12:42:47
"6,615.25",6650.05,6660.00,6602.00,66,29.69,223.04,"4,09,440",2,7.52,0.45,2.00,2.30,"6,628.14","8,192.00 / 5,485.70",BUY,14,8,2,4,-,2024-02-16,12:42:57
"6,615.00",6650.05,6660.00,6602.00,66,29.69,223.04,"4,09,440",2,7.52,0.45,2.00,2.30,"6,628.14","8,192.00 / 5,485.70",BUY,14,8,2,4,-,2024-02-16,12:43:08
"6,615.55",6650.05,6660.00,6602.00,66,29.69,223.04,"4,09,440",2,7.52,0.45,2.00,2.30,"6,628.14","8,192.00 / 5,485.70",BUY,14,8,2,4,-,2024-02-16,12:43:19
"6,615.00",6650.05,6660.00,6602.00,66,29.68,223.04,"4,09,193",2,7.52,0.45,2.00,2.30,"6,625.00","8,192.00 / 5,485.70",BUY,14,8,2,4,-,2024-02-16,12:43:30
"6,615.00",6650.05,6660.00,6602.00,66,29.68,223.04,"4,09,193",2,7.52,0.45,2.00,2.30,"6,625.00","8,192.00 / 5,485.70",BUY,14,8,2,4,-,2024-02-16,12:43:40
"6,614.00",6650.05,6660.00,6602.00,66,29.68,223.04,"4,09,193",2,7.52,0.45,2.00,2.30,"6,625.00","8,192.00 / 5,485.70",BUY,14,8,2,4,-,2024-02-16,12:43:51
"6,614.00",6650.05,6660.00,6602.00,66,29.68,223.04,"4,09,193",2,7.52,0.45,2.00,2.30,"6,625.00","8,192.00 / 5,485.70",BUY,14,8,2,4,-,2024-02-16,12:44:02
"6,612.05",6650.05,6660.00,6602.00,66,29.68,223.04,"4,09,193",2,7.52,0.45,2.00,2.30,"6,625.00","8,192.00 / 5,485.70",BUY,14,8,2,4,-,2024-02-16,12:44:12
"6,614.00",6650.05,6660.00,6602.00,66,29.68,223.04,"4,09,193",2,7.52,0.45,2.00,2.30,"6,625.00","8,192.00 / 5,485.70",BUY,14,8,2,4,-,2024-02-16,12:44:23
"6,612.15",6650.05,6660.00,6602.00,66,29.68,223.04,"4,09,193",2,7.52,0.45,2.00,2.30,"6,625.00","8,192.00 / 5,485.70",BUY,14,8,2,4,-,2024-02-16,12:44:33
"6,612.55",6650.05,6660.00,6602.00,66,29.68,223.04,"4,09,193",2,7.52,0.45,2.00,2.30,"6,625.00","8,192.00 / 5,485.70",BUY,14,8,2,4,-,2024-02-16,12:44:44
"6,610.10",6650.05,6660.00,6602.00,66,29.68,223.04,"4,09,193",2,7.52,0.45,2.00,2.30,"6,625.00","8,192.00 / 5,485.70",BUY,14,8,2,4,-,2024-02-16,12:44:55
"6,611.90",6650.05,6660.00,6602.00,66,29.68,223.04,"4,09,193",2,7.52,0.45,2.00,2.30,"6,625.00","8,192.00 / 5,485.70",BUY,14,8,2,4,-,2024-02-16,12:45:09
"6,611.85",6650.05,6660.00,6602.00,66,29.68,223.04,"4,09,193",2,7.52,0.45,2.00,2.30,"6,625.00","8,192.00 / 5,485.70",BUY,14,8,2,4,-,2024-02-16,12:45:21
"6,611.85",6650.05,6660.00,6602.00,66,29.68,223.04,"4,09,193",2,7.52,0.45,2.00,2.30,"6,625.00","8,192.00 / 5,485.70",BUY,14,8,2,4,-,2024-02-16,12:45:32
"6,611.90",6650.05,6660.00,6602.00,66,29.68,223.04,"4,09,193",2,7.52,0.45,2.00,2.30,"6,625.00","8,192.00 / 5,485.70",BUY,14,8,2,4,-,2024-02-16,12:45:43
"6,611.90",6650.05,6660.00,6602.00,66,29.68,223.04,"4,09,193",2,7.52,0.45,2.00,2.30,"6,625.00","8,192.00 / 5,485.70",BUY,14,8,2,4,-,2024-02-16,12:45:53
"6,611.90",6650.05,6660.00,6602.00,66,29.68,223.04,"4,09,193",2,7.52,0.45,2.00,2.30,"6,625.00","8,192.00 / 5,485.70",BUY,14,8,2,4,-,2024-02-16,12:46:05
"6,613.05",6650.05,6660.00,6602.00,66,29.68,223.04,"4,09,193",2,7.52,0.45,2.00,2.30,"6,625.00","8,192.00 / 5,485.70",BUY,14,8,2,4,-,2024-02-16,12:46:15
"6,613.45",6650.05,6660.00,6602.00,66,29.68,223.04,"4,09,193",2,7.52,0.45,2.00,2.30,"6,625.00","8,192.00 / 5,485.70",BUY,14,8,2,4,-,2024-02-16,12:46:26
"6,614.00",6650.05,6660.00,6602.00,66,29.68,223.04,"4,09,193",2,7.52,0.45,2.00,2.30,"6,625.00","8,192.00 / 5,485.70",BUY,14,8,2,4,-,2024-02-16,12:46:36
"6,614.00",6650.05,6660.00,6602.00,66,29.68,223.04,"4,09,193",2,7.52,0.45,2.00,2.30,"6,625.00","8,192.00 / 5,485.70",BUY,14,8,2,4,-,2024-02-16,12:46:47
"6,614.05",6650.05,6660.00,6602.00,66,29.68,223.04,"4,09,193",2,7.52,0.45,2.00,2.30,"6,625.00","8,192.00 / 5,485.70",BUY,14,8,2,4,-,2024-02-16,12:46:58
"6,613.05",6650.05,6660.00,6602.00,66,29.68,223.04,"4,09,193",2,7.52,0.45,2.00,2.30,"6,625.00","8,192.00 / 5,485.70",BUY,14,8,2,4,-,2024-02-16,12:47:08
"6,611.85",6650.05,6660.00,6602.00,66,29.68,223.04,"4,09,193",2,7.52,0.45,2.00,2.30,"6,625.00","8,192.00 / 5,485.70",BUY,14,8,2,4,-,2024-02-16,12:47:19
"6,612.55",6650.05,6660.00,6602.00,66,29.68,223.04,"4,09,193",2,7.52,0.45,2.00,2.30,"6,625.00","8,192.00 / 5,485.70",BUY,14,8,2,4,-,2024-02-16,12:47:30
"6,610.05",6650.05,6660.00,6602.00,66,29.68,223.04,"4,09,193",2,7.52,0.45,2.00,2.30,"6,625.00","8,192.00 / 5,485.70",BUY,14,8,2,4,-,2024-02-16,12:47:42
"6,609.15",6650.05,6660.00,6602.00,66,29.68,223.04,"4,09,193",2,7.52,0.45,2.00,2.30,"6,625.00","8,192.00 / 5,485.70",BUY,14,8,2,4,-,2024-02-16,12:47:52
"6,610.15",6650.05,6660.00,6602.00,66,29.68,223.04,"4,09,193",2,7.52,0.45,2.00,2.30,"6,625.00","8,192.00 / 5,485.70",BUY,14,8,2,4,-,2024-02-16,12:48:03
"6,610.00",6650.05,6660.00,6602.00,66,29.68,223.04,"4,09,193",2,7.52,0.45,2.00,2.30,"6,625.00","8,192.00 / 5,485.70",BUY,14,8,2,4,-,2024-02-16,12:48:14
"6,610.25",6650.05,6660.00,6602.00,66,29.68,223.04,"4,09,193",2,7.52,0.45,2.00,2.30,"6,625.00","8,192.00 / 5,485.70",BUY,14,8,2,4,-,2024-02-16,12:48:24
"6,609.00",6650.05,6660.00,6602.00,66,29.68,223.04,"4,09,193",2,7.52,0.45,2.00,2.30,"6,625.00","8,192.00 / 5,485.70",BUY,14,8,2,4,-,2024-02-16,12:48:35
"6,610.00",6650.05,6660.00,6602.00,66,29.68,223.04,"4,09,193",2,7.52,0.45,2.00,2.30,"6,625.00","8,192.00 / 5,485.70",BUY,14,8,2,4,-,2024-02-16,12:48:45
"6,610.00",6650.05,6660.00,6602.00,66,29.68,223.04,"4,09,193",2,7.52,0.45,2.00,2.30,"6,625.00","8,192.00 / 5,485.70",BUY,14,8,2,4,-,2024-02-16,12:48:56
"6,610.70",6650.05,6660.00,6602.00,66,29.68,223.04,"4,09,193",2,7.52,0.45,2.00,2.30,"6,625.00","8,192.00 / 5,485.70",BUY,14,8,2,4,-,2024-02-16,12:49:07
"6,610.35",6650.05,6660.00,6602.00,66,29.68,223.04,"4,09,193",2,7.52,0.45,2.00,2.30,"6,625.00","8,192.00 / 5,485.70",BUY,14,8,2,4,-,2024-02-16,12:49:17
"6,610.05",6650.05,6660.00,6602.00,66,29.68,223.04,"4,09,193",2,7.52,0.45,2.00,2.30,"6,625.00","8,192.00 / 5,485.70",BUY,14,8,2,4,-,2024-02-16,12:49:57
"6,610.05",6650.05,6660.00,6602.00,66,29.68,223.04,"4,09,193",2,7.52,0.45,2.00,2.30,"6,625.00","8,192.00 / 5,485.70",BUY,14,8,2,4,-,2024-02-16,12:50:08
"6,610.05",6650.05,6660.00,6602.00,66,29.68,223.04,"4,09,193",2,7.52,0.45,2.00,2.30,"6,625.00","8,192.00 / 5,485.70",BUY,14,8,2,4,-,2024-02-16,12:50:18
"6,610.20",6650.05,6660.00,6602.00,66,29.68,223.04,"4,09,193",2,7.52,0.45,2.00,2.30,"6,625.00","8,192.00 / 5,485.70",BUY,14,8,2,4,-,2024-02-16,12:50:29
"6,612.10",6650.05,6660.00,6602.00,66,29.68,223.04,"4,09,193",2,7.52,0.45,2.00,2.30,"6,625.00","8,192.00 / 5,485.70",BUY,14,8,2,4,-,2024-02-16,12:50:40
"6,612.60",6650.05,6660.00,6602.00,66,29.68,223.04,"4,09,193",2,7.52,0.45,2.00,2.30,"6,625.00","8,192.00 / 5,485.70",BUY,14,8,2,4,-,2024-02-16,12:50:50
"6,612.55",6650.05,6660.00,6602.00,66,29.68,223.04,"4,09,193",2,7.52,0.45,2.00,2.30,"6,625.00","8,192.00 / 5,485.70",BUY,14,8,2,4,-,2024-02-16,12:51:01
"6,610.30",6650.05,6660.00,6602.00,66,29.68,223.04,"4,09,193",2,7.52,0.45,2.00,2.30,"6,625.00","8,192.00 / 5,485.70",BUY,14,8,2,4,-,2024-02-16,12:51:11
"6,610.30",6650.05,6660.00,6602.00,66,29.68,223.04,"4,09,193",2,7.52,0.45,2.00,2.30,"6,625.00","8,192.00 / 5,485.70",BUY,14,8,2,4,-,2024-02-16,12:51:22
"6,610.35",6650.05,6660.00,6602.00,66,29.68,223.04,"4,09,193",2,7.52,0.45,2.00,2.30,"6,625.00","8,192.00 / 5,485.70",BUY,14,8,2,4,-,2024-02-16,12:51:32
"6,610.30",6650.05,6660.00,6602.00,66,29.68,223.04,"4,09,193",2,7.52,0.45,2.00,2.30,"6,625.00","8,192.00 / 5,485.70",BUY,14,8,2,4,-,2024-02-16,12:51:42
"6,610.25",6650.05,6660.00,6602.00,66,29.68,223.04,"4,09,193",2,7.52,0.45,2.00,2.30,"6,625.00","8,192.00 / 5,485.70",BUY,14,8,2,4,-,2024-02-16,12:51:53
"6,609.00",6650.05,6660.00,6602.00,66,29.68,223.04,"4,09,193",2,7.52,0.45,2.00,2.30,"6,625.00","8,192.00 / 5,485.70",BUY,14,8,2,4,-,2024-02-16,12:52:05
"6,609.00",6650.05,6660.00,6602.00,66,29.68,223.04,"4,09,193",2,7.52,0.45,2.00,2.30,"6,625.00","8,192.00 / 5,485.70",BUY,14,8,2,4,-,2024-02-16,12:52:16
"6,609.00",6650.05,6660.00,6602.00,66,29.68,223.04,"4,09,193",2,7.52,0.45,2.00,2.30,"6,625.00","8,192.00 / 5,485.70",BUY,14,8,2,4,-,2024-02-16,12:52:26
"6,609.00",6650.05,6660.00,6602.00,66,29.68,223.04,"4,09,193",2,7.52,0.45,2.00,2.30,"6,625.00","8,192.00 / 5,485.70",BUY,14,8,2,4,-,2024-02-16,12:52:37
"6,609.05",6650.05,6660.00,6602.00,66,29.68,223.04,"4,09,193",2,7.52,0.45,2.00,2.30,"6,625.00","8,192.00 / 5,485.70",BUY,14,8,2,4,-,2024-02-16,12:52:48
"6,609.10",6650.05,6660.00,6602.00,66,29.68,223.04,"4,09,193",2,7.52,0.45,2.00,2.30,"6,625.00","8,192.00 / 5,485.70",BUY,14,8,2,4,-,2024-02-16,12:52:58
"6,609.10",6650.05,6660.00,6602.00,66,29.68,223.04,"4,09,193",2,7.52,0.45,2.00,2.30,"6,625.00","8,192.00 / 5,485.70",BUY,14,8,2,4,-,2024-02-16,12:53:09
"6,609.95",6650.05,6660.00,6602.00,66,29.68,223.04,"4,09,193",2,7.52,0.45,2.00,2.30,"6,625.00","8,192.00 / 5,485.70",BUY,14,8,2,4,-,2024-02-16,12:53:20
"6,609.25",6650.05,6660.00,6602.00,66,29.68,223.04,"4,09,193",2,7.52,0.45,2.00,2.30,"6,625.00","8,192.00 / 5,485.70",BUY,14,8,2,4,-,2024-02-16,12:53:30
"6,609.15",6650.05,6660.00,6602.00,66,29.68,223.04,"4,09,193",2,7.52,0.45,2.00,2.30,"6,625.00","8,192.00 / 5,485.70",BUY,14,8,2,4,-,2024-02-16,12:53:41
"6,608.85",6650.05,6660.00,6602.00,66,29.68,223.04,"4,09,193",2,7.52,0.45,2.00,2.30,"6,625.00","8,192.00 / 5,485.70",BUY,14,8,2,4,-,2024-02-16,12:53:51
"6,615.00",,,,66,29.68,223.04,"4,09,193",2,7.52,0.45,2.00,2.30,"6,625.00","8,192.00 / 5,485.70",BUY,14,8,2,4,-,2024-02-16,12:54:01
"6,615.00",,,,66,29.68,223.04,"4,09,193",2,7.52,0.45,2.00,2.30,"6,625.00","8,192.00 / 5,485.70",BUY,14,8,2,4,-,2024-02-16,12:54:12
"6,615.00",,,,66,29.68,223.04,"4,09,193",2,7.52,0.45,2.00,2.30,"6,625.00","8,192.00 / 5,485.70",BUY,14,8,2,4,-,2024-02-16,12:54:22
"6,615.00",,,,66,29.68,223.04,"4,09,193",2,7.52,0.45,2.00,2.30,"6,625.00","8,192.00 / 5,485.70",BUY,14,8,2,4,-,2024-02-16,12:54:33
"6,615.00",,,,66,29.68,223.04,"4,09,193",2,7.52,0.45,2.00,2.30,"6,625.00","8,192.00 / 5,485.70",BUY,14,8,2,4,-,2024-02-16,12:54:43
"6,615.00",,,,66,29.68,223.04,"4,09,193",2,7.52,0.45,2.00,2.30,"6,625.00","8,192.00 / 5,485.70",BUY,14,8,2,4,-,2024-02-16,12:54:54
"6,615.00",,,,66,29.68,223.04,"4,09,193",2,7.52,0.45,2.00,2.30,"6,625.00","8,192.00 / 5,485.70",BUY,14,8,2,4,-,2024-02-16,12:55:04
"6,615.00",,,,66,29.68,223.04,"4,09,193",2,7.52,0.45,2.00,2.30,"6,625.00","8,192.00 / 5,485.70",BUY,14,8,2,4,-,2024-02-16,12:55:15
"6,615.00",,,,66,29.68,223.04,"4,09,193",2,7.52,0.45,2.00,2.30,"6,625.00","8,192.00 / 5,485.70",BUY,14,8,2,4,-,2024-02-16,12:55:25
"6,615.00",,,,66,29.68,223.04,"4,09,193",2,7.52,0.45,2.00,2.30,"6,625.00","8,192.00 / 5,485.70",BUY,14,8,2,4,-,2024-02-16,12:55:36
"6,615.00",,,,66,29.68,223.04,"4,09,193",2,7.52,0.45,2.00,2.30,"6,625.00","8,192.00 / 5,485.70",BUY,14,8,2,4,-,2024-02-16,12:55:46
"6,615.00",,,,66,29.68,223.04,"4,09,193",2,7.52,0.45,2.00,2.30,"6,625.00","8,192.00 / 5,485.70",BUY,14,8,2,4,-,2024-02-16,12:55:56
"6,615.00",,,,66,29.68,223.04,"4,09,193",2,7.52,0.45,2.00,2.30,"6,625.00","8,192.00 / 5,485.70",BUY,14,8,2,4,-,2024-02-16,12:56:07
"6,615.00",,,,66,29.68,223.04,"4,09,193",2,7.52,0.45,2.00,2.30,"6,625.00","8,192.00 / 5,485.70",BUY,14,8,2,4,-,2024-02-16,12:56:18
"6,615.00",,,,66,29.68,223.04,"4,09,193",2,7.52,0.45,2.00,2.30,"6,625.00","8,192.00 / 5,485.70",BUY,14,8,2,4,-,2024-02-16,12:56:28
"6,615.00",,,,66,29.68,223.04,"4,09,193",2,7.52,0.45,2.00,2.30,"6,625.00","8,192.00 / 5,485.70",BUY,14,8,2,4,-,2024-02-16,12:56:39
"6,615.00",,,,66,29.68,223.04,"4,09,193",2,7.52,0.45,2.00,2.30,"6,625.00","8,192.00 / 5,485.70",BUY,14,8,2,4,-,2024-02-16,12:56:49
"6,615.00",,,,66,29.68,223.04,"4,09,193",2,7.52,0.45,2.00,2.30,"6,625.00","8,192.00 / 5,485.70",BUY,14,8,2,4,-,2024-02-16,12:57:00
"6,615.00",,,,66,29.68,223.04,"4,09,193",2,7.52,0.45,2.00,2.30,"6,625.00","8,192.00 / 5,485.70",BUY,14,8,2,4,-,2024-02-16,12:57:11
"6,615.00",,,,66,29.68,223.04,"4,09,193",2,7.52,0.45,2.00,2.30,"6,625.00","8,192.00 / 5,485.70",BUY,14,8,2,4,-,2024-02-16,12:57:22
"6,615.00",,,,66,29.68,223.04,"4,09,193",2,7.52,0.45,2.00,2.30,"6,625.00","8,192.00 / 5,485.70",BUY,14,8,2,4,-,2024-02-16,12:57:33
"6,615.00",,,,66,29.68,223.04,"4,09,193",2,7.52,0.45,2.00,2.30,"6,625.00","8,192.00 / 5,485.70",BUY,14,8,2,4,-,2024-02-16,12:57:43
"6,615.00",,,,66,29.68,223.04,"4,09,193",2,7.52,0.45,2.00,2.30,"6,625.00","8,192.00 / 5,485.70",BUY,14,8,2,4,-,2024-02-16,12:57:54
"6,615.00",,,,66,29.68,223.04,"4,09,193",2,7.52,0.45,2.00,2.30,"6,625.00","8,192.00 / 5,485.70",BUY,14,8,2,4,-,2024-02-16,12:58:05
"6,615.00",,,,66,29.68,223.04,"4,09,193",2,7.52,0.45,2.00,2.30,"6,625.00","8,192.00 / 5,485.70",BUY,14,8,2,4,-,2024-02-16,12:58:16
"6,615.00",,,,66,29.68,223.04,"4,09,193",2,7.52,0.45,2.00,2.30,"6,625.00","8,192.00 / 5,485.70",BUY,14,8,2,4,-,2024-02-16,12:58:26
"6,615.00",,,,66,29.68,223.04,"4,09,193",2,7.52,0.45,2.00,2.30,"6,625.00","8,192.00 / 5,485.70",BUY,14,8,2,4,-,2024-02-16,12:58:37
"6,615.00",,,,66,29.68,223.04,"4,09,193",2,7.52,0.45,2.00,2.30,"6,625.00","8,192.00 / 5,485.70",BUY,14,8,2,4,-,2024-02-16,12:58:48
"6,615.00",,,,66,29.68,223.04,"4,09,193",2,7.52,0.45,2.00,2.30,"6,625.00","8,192.00 / 5,485.70",BUY,14,8,2,4,-,2024-02-16,12:58:59
"6,615.00",,,,66,29.68,223.04,"4,09,193",2,7.52,0.45,2.00,2.30,"6,625.00","8,192.00 / 5,485.70",BUY,14,8,2,4,-,2024-02-16,12:59:09
"6,615.00",,,,66,29.68,223.04,"4,09,193",2,7.52,0.45,2.00,2.30,"6,625.00","8,192.00 / 5,485.70",BUY,14,8,2,4,-,2024-02-16,12:59:20
"6,615.00",,,,66,29.68,223.04,"4,09,193",2,7.52,0.45,2.00,2.30,"6,625.00","8,192.00 / 5,485.70",BUY,14,8,2,4,-,2024-02-16,12:59:31
"6,615.00",,,,66,29.68,223.04,"4,09,193",2,7.52,0.45,2.00,2.30,"6,625.00","8,192.00 / 5,485.70",BUY,14,8,2,4,-,2024-02-16,12:59:41
"6,615.00",,,,66,29.68,223.04,"4,09,193",2,7.52,0.45,2.00,2.30,"6,625.00","8,192.00 / 5,485.70",BUY,14,8,2,4,-,2024-02-16,12:59:52
"6,615.00",,,,66,29.68,223.04,"4,09,193",2,7.52,0.45,2.00,2.30,"6,625.00","8,192.00 / 5,485.70",BUY,14,8,2,4,-,2024-02-16,13:00:03
"6,615.00",,,,66,29.68,223.04,"4,09,193",2,7.52,0.45,2.00,2.30,"6,625.00","8,192.00 / 5,485.70",BUY,14,8,2,4,-,2024-02-16,13:00:14
"6,615.00",,,,66,29.68,223.04,"4,09,193",2,7.52,0.45,2.00,2.30,"6,625.00","8,192.00 / 5,485.70",BUY,14,8,2,4,-,2024-02-16,13:00:24
"6,615.00",,,,66,29.68,223.04,"4,09,193",2,7.52,0.45,2.00,2.30,"6,625.00","8,192.00 / 5,485.70",BUY,14,8,2,4,-,2024-02-16,13:00:35
"6,615.00",,,,66,29.68,223.04,"4,09,193",2,7.52,0.45,2.00,2.30,"6,625.00","8,192.00 / 5,485.70",BUY,14,8,2,4,-,2024-02-16,13:00:45
"6,615.00",,,,66,29.68,223.04,"4,09,193",2,7.52,0.45,2.00,2.30,"6,625.00","8,192.00 / 5,485.70",BUY,14,8,2,4,-,2024-02-16,13:00:56
"6,615.00",,,,66,29.68,223.04,"4,09,193",2,7.52,0.45,2.00,2.30,"6,625.00","8,192.00 / 5,485.70",BUY,14,8,2,4,-,2024-02-16,13:01:07
"6,615.00",,,,66,29.68,223.04,"4,09,193",2,7.52,0.45,2.00,2.30,"6,625.00","8,192.00 / 5,485.70",BUY,14,8,2,4,-,2024-02-16,13:01:17
"6,615.00",,,,66,29.68,223.04,"4,09,193",2,7.52,0.45,2.00,2.30,"6,625.00","8,192.00 / 5,485.70",BUY,14,8,2,4,-,2024-02-16,13:01:28
"6,615.00",,,,66,29.68,223.04,"4,09,193",2,7.52,0.45,2.00,2.30,"6,625.00","8,192.00 / 5,485.70",BUY,14,8,2,4,-,2024-02-16,13:01:38
"6,615.00",,,,66,29.68,223.04,"4,09,193",2,7.52,0.45,2.00,2.30,"6,625.00","8,192.00 / 5,485.70",BUY,14,8,2,4,-,2024-02-16,13:01:49
"6,615.00",,,,66,29.68,223.04,"4,09,193",2,7.52,0.45,2.00,2.30,"6,625.00","8,192.00 / 5,485.70",BUY,14,8,2,4,-,2024-02-16,13:01:59
"6,615.00",,,,66,29.68,223.04,"4,09,193",2,7.52,0.45,2.00,2.30,"6,625.00","8,192.00 / 5,485.70",BUY,14,8,2,4,-,2024-02-16,13:02:10
"6,615.00",,,,66,29.68,223.04,"4,09,193",2,7.52,0.45,2.00,2.30,"6,625.00","8,192.00 / 5,485.70",BUY,14,8,2,4,-,2024-02-16,13:02:21
"6,615.00",,,,66,29.68,223.04,"4,09,193",2,7.52,0.45,2.00,2.30,"6,625.00","8,192.00 / 5,485.70",BUY,14,8,2,4,-,2024-02-16,13:02:31
"6,615.00",,,,66,29.68,223.04,"4,09,193",2,7.52,0.45,2.00,2.30,"6,625.00","8,192.00 / 5,485.70",BUY,14,8,2,4,-,2024-02-16,13:02:42
"6,615.00",,,,66,29.68,223.04,"4,09,193",2,7.52,0.45,2.00,2.30,"6,625.00","8,192.00 / 5,485.70",BUY,14,8,2,4,-,2024-02-16,13:02:52
"6,615.00",,,,66,29.68,223.04,"4,09,193",2,7.52,0.45,2.00,2.30,"6,625.00","8,192.00 / 5,485.70",BUY,14,8,2,4,-,2024-02-16,13:03:03
"6,615.00",,,,66,29.68,223.04,"4,09,193",2,7.52,0.45,2.00,2.30,"6,625.00","8,192.00 / 5,485.70",BUY,14,8,2,4,-,2024-02-16,13:03:13
"6,615.00",,,,66,29.68,223.04,"4,09,193",2,7.52,0.45,2.00,2.30,"6,625.00","8,192.00 / 5,485.70",BUY,14,8,2,4,-,2024-02-16,13:03:24
"6,615.00",,,,66,29.68,223.04,"4,09,193",2,7.52,0.45,2.00,2.30,"6,625.00","8,192.00 / 5,485.70",BUY,14,8,2,4,-,2024-02-16,13:03:34
"6,615.00",,,,66,29.68,223.04,"4,09,193",2,7.52,0.45,2.00,2.30,"6,625.00","8,192.00 / 5,485.70",BUY,14,8,2,4,-,2024-02-16,13:03:45
"6,615.00",,,,66,29.68,223.04,"4,09,193",2,7.52,0.45,2.00,2.30,"6,625.00","8,192.00 / 5,485.70",BUY,14,8,2,4,-,2024-02-16,13:03:55
"6,615.00",,,,66,29.68,223.04,"4,09,193",2,7.52,0.45,2.00,2.30,"6,625.00","8,192.00 / 5,485.70",BUY,14,8,2,4,-,2024-02-16,13:04:06
"6,615.00",,,,66,29.68,223.04,"4,09,193",2,7.52,0.45,2.00,2.30,"6,625.00","8,192.00 / 5,485.70",BUY,14,8,2,4,-,2024-02-16,13:04:16
"6,615.00",,,,66,29.68,223.04,"4,09,193",2,7.52,0.45,2.00,2.30,"6,625.00","8,192.00 / 5,485.70",BUY,14,8,2,4,-,2024-02-16,13:04:27
"6,615.00",,,,66,29.68,223.04,"4,09,193",2,7.52,0.45,2.00,2.30,"6,625.00","8,192.00 / 5,485.70",BUY,14,8,2,4,-,2024-02-16,13:04:37
"6,615.00",,,,66,29.68,223.04,"4,09,193",2,7.52,0.45,2.00,2.30,"6,625.00","8,192.00 / 5,485.70",BUY,14,8,2,4,-,2024-02-16,13:04:48
"6,615.00",,,,66,29.68,223.04,"4,09,193",2,7.52,0.45,2.00,2.30,"6,625.00","8,192.00 / 5,485.70",BUY,14,8,2,4,-,2024-02-16,13:04:58
"6,615.00",,,,66,29.68,223.04,"4,09,193",2,7.52,0.45,2.00,2.30,"6,625.00","8,192.00 / 5,485.70",BUY,14,8,2,4,-,2024-02-16,13:05:09
"6,615.00",,,,66,29.68,223.04,"4,09,193",2,7.52,0.45,2.00,2.30,"6,625.00","8,192.00 / 5,485.70",BUY,14,8,2,4,-,2024-02-16,13:05:20
"6,615.00",,,,66,29.68,223.04,"4,09,193",2,7.52,0.45,2.00,2.30,"6,625.00","8,192.00 / 5,485.70",BUY,14,8,2,4,-,2024-02-16,13:05:31
"6,615.00",,,,66,29.68,223.04,"4,09,193",2,7.52,0.45,2.00,2.30,"6,625.00","8,192.00 / 5,485.70",BUY,14,8,2,4,-,2024-02-16,13:05:41
"6,615.00",,,,66,29.68,223.04,"4,09,193",2,7.52,0.45,2.00,2.30,"6,625.00","8,192.00 / 5,485.70",BUY,14,8,2,4,-,2024-02-16,13:05:51
"6,615.00",,,,66,29.68,223.04,"4,09,193",2,7.52,0.45,2.00,2.30,"6,625.00","8,192.00 / 5,485.70",BUY,14,8,2,4,-,2024-02-16,13:06:02
"6,615.00",,,,66,29.68,223.04,"4,09,193",2,7.52,0.45,2.00,2.30,"6,625.00","8,192.00 / 5,485.70",BUY,14,8,2,4,-,2024-02-16,13:06:12
"6,615.00",,,,66,29.68,223.04,"4,09,193",2,7.52,0.45,2.00,2.30,"6,625.00","8,192.00 / 5,485.70",BUY,14,8,2,4,-,2024-02-16,13:06:23
"6,615.00",,,,66,29.68,223.04,"4,09,193",2,7.52,0.45,2.00,2.30,"6,625.00","8,192.00 / 5,485.70",BUY,14,8,2,4,-,2024-02-16,13:06:33
"6,615.00",,,,66,29.68,223.04,"4,09,193",2,7.52,0.45,2.00,2.30,"6,625.00","8,192.00 / 5,485.70",BUY,14,8,2,4,-,2024-02-16,13:06:44
"6,615.00",,,,66,29.68,223.04,"4,09,193",2,7.52,0.45,2.00,2.30,"6,625.00","8,192.00 / 5,485.70",BUY,14,8,2,4,-,2024-02-16,13:06:54
"6,615.00",,,,66,29.68,223.04,"4,09,193",2,7.52,0.45,2.00,2.30,"6,625.00","8,192.00 / 5,485.70",BUY,14,8,2,4,-,2024-02-16,13:07:05
"6,615.00",,,,66,29.68,223.04,"4,09,193",2,7.52,0.45,2.00,2.30,"6,625.00","8,192.00 / 5,485.70",BUY,14,8,2,4,-,2024-02-16,13:07:15
"6,615.00",,,,66,29.68,223.04,"4,09,193",2,7.52,0.45,2.00,2.30,"6,625.00","8,192.00 / 5,485.70",BUY,14,8,2,4,-,2024-02-16,13:07:25
"6,615.00",,,,66,29.68,223.04,"4,09,193",2,7.52,0.45,2.00,2.30,"6,625.00","8,192.00 / 5,485.70",BUY,14,8,2,4,-,2024-02-16,13:07:36
"6,615.00",,,,66,29.68,223.04,"4,09,193",2,7.52,0.45,2.00,2.30,"6,625.00","8,192.00 / 5,485.70",BUY,14,8,2,4,-,2024-02-16,13:07:46
"6,615.00",,,,66,29.68,223.04,"4,09,193",2,7.52,0.45,2.00,2.30,"6,625.00","8,192.00 / 5,485.70",BUY,14,8,2,4,-,2024-02-16,13:07:57
"6,615.00",,,,66,29.68,223.04,"4,09,193",2,7.52,0.45,2.00,2.30,"6,625.00","8,192.00 / 5,485.70",BUY,14,8,2,4,-,2024-02-16,13:08:07
"6,615.00",,,,66,29.68,223.04,"4,09,193",2,7.52,0.45,2.00,2.30,"6,625.00","8,192.00 / 5,485.70",BUY,14,8,2,4,-,2024-02-16,13:08:18
"6,615.00",,,,66,29.68,223.04,"4,09,193",2,7.52,0.45,2.00,2.30,"6,625.00","8,192.00 / 5,485.70",BUY,14,8,2,4,-,2024-02-16,13:08:28
"6,615.00",,,,66,29.68,223.04,"4,09,193",2,7.52,0.45,2.00,2.30,"6,625.00","8,192.00 / 5,485.70",BUY,14,8,2,4,-,2024-02-16,13:08:38
"6,615.00",,,,66,29.68,223.04,"4,09,193",2,7.52,0.45,2.00,2.30,"6,625.00","8,192.00 / 5,485.70",BUY,14,8,2,4,-,2024-02-16,13:08:49
"6,615.00",,,,66,29.68,223.04,"4,09,193",2,7.52,0.45,2.00,2.30,"6,625.00","8,192.00 / 5,485.70",BUY,14,8,2,4,-,2024-02-16,13:08:59
"6,615.00",,,,66,29.68,223.04,"4,09,193",2,7.52,0.45,2.00,2.30,"6,625.00","8,192.00 / 5,485.70",BUY,14,8,2,4,-,2024-02-16,13:09:10
"6,615.00",,,,66,29.68,223.04,"4,09,193",2,7.52,0.45,2.00,2.30,"6,625.00","8,192.00 / 5,485.70",BUY,14,8,2,4,-,2024-02-16,13:09:20
"6,615.00",,,,66,29.68,223.04,"4,09,193",2,7.52,0.45,2.00,2.30,"6,625.00","8,192.00 / 5,485.70",BUY,14,8,2,4,-,2024-02-16,13:09:31
"6,615.00",,,,66,29.68,223.04,"4,09,193",2,7.52,0.45,2.00,2.30,"6,625.00","8,192.00 / 5,485.70",BUY,14,8,2,4,-,2024-02-16,13:09:41
"6,615.00",,,,66,29.68,223.04,"4,09,193",2,7.52,0.45,2.00,2.30,"6,625.00","8,192.00 / 5,485.70",BUY,14,8,2,4,-,2024-02-16,13:09:52
"6,615.00",,,,66,29.68,223.04,"4,09,193",2,7.52,0.45,2.00,2.30,"6,625.00","8,192.00 / 5,485.70",BUY,14,8,2,4,-,2024-02-16,13:10:02
"6,615.00",,,,66,29.68,223.04,"4,09,193",2,7.52,0.45,2.00,2.30,"6,625.00","8,192.00 / 5,485.70",BUY,14,8,2,4,-,2024-02-16,13:10:13
"6,615.00",,,,66,29.68,223.04,"4,09,193",2,7.52,0.45,2.00,2.30,"6,625.00","8,192.00 / 5,485.70",BUY,14,8,2,4,-,2024-02-16,13:10:24
"6,615.00",,,,66,29.68,223.04,"4,09,193",2,7.52,0.45,2.00,2.30,"6,625.00","8,192.00 / 5,485.70",BUY,14,8,2,4,-,2024-02-16,13:10:35
"6,615.00",,,,66,29.68,223.04,"4,09,193",2,7.52,0.45,2.00,2.30,"6,625.00","8,192.00 / 5,485.70",BUY,14,8,2,4,-,2024-02-16,13:10:45
"6,615.00",,,,66,29.68,223.04,"4,09,193",2,7.52,0.45,2.00,2.30,"6,625.00","8,192.00 / 5,485.70",BUY,14,8,2,4,-,2024-02-16,13:10:56
"6,615.00",,,,66,29.68,223.04,"4,09,193",2,7.52,0.45,2.00,2.30,"6,625.00","8,192.00 / 5,485.70",BUY,14,8,2,4,-,2024-02-16,13:11:06
"6,615.00",,,,66,29.68,223.04,"4,09,193",2,7.52,0.45,2.00,2.30,"6,625.00","8,192.00 / 5,485.70",BUY,14,8,2,4,-,2024-02-16,13:11:17
"6,615.00",,,,66,29.68,223.04,"4,09,193",2,7.52,0.45,2.00,2.30,"6,625.00","8,192.00 / 5,485.70",BUY,14,8,2,4,-,2024-02-16,13:11:27
"6,615.00",,,,66,29.68,223.04,"4,09,193",2,7.52,0.45,2.00,2.30,"6,625.00","8,192.00 / 5,485.70",BUY,14,8,2,4,-,2024-02-16,13:11:38
"6,615.00",,,,66,29.68,223.04,"4,09,193",2,7.52,0.45,2.00,2.30,"6,625.00","8,192.00 / 5,485.70",BUY,14,8,2,4,-,2024-02-16,13:11:48
"6,615.00",,,,66,29.68,223.04,"4,09,193",2,7.52,0.45,2.00,2.30,"6,625.00","8,192.00 / 5,485.70",BUY,14,8,2,4,-,2024-02-16,13:11:59
"6,606.00",,,,66,29.65,223.04,"4,08,822",2,7.52,0.45,2.00,2.30,"6,624.39","8,192.00 / 5,485.70",BUY,14,8,2,4,-,2024-02-16,13:12:09
"6,606.00",,,,66,29.65,223.04,"4,08,822",2,7.52,0.45,2.00,2.30,"6,624.39","8,192.00 / 5,485.70",BUY,14,8,2,4,-,2024-02-16,13:12:20
"6,606.00",,,,66,29.65,223.04,"4,08,822",2,7.52,0.45,2.00,2.30,"6,624.39","8,192.00 / 5,485.70",BUY,14,8,2,4,-,2024-02-16,13:12:30
"6,606.00",,,,66,29.65,223.04,"4,08,822",2,7.52,0.45,2.00,2.30,"6,624.39","8,192.00 / 5,485.70",BUY,14,8,2,4,-,2024-02-16,13:12:41
"6,606.00",,,,66,29.65,223.04,"4,08,822",2,7.52,0.45,2.00,2.30,"6,624.39","8,192.00 / 5,485.70",BUY,14,8,2,4,-,2024-02-16,13:12:51
"6,606.00",,,,66,29.65,223.04,"4,08,822",2,7.52,0.45,2.00,2.30,"6,624.39","8,192.00 / 5,485.70",BUY,14,8,2,4,-,2024-02-16,13:13:02
"6,608.70",6650.05,6660.00,6602.00,66,29.65,223.04,"4,08,822",2,7.52,0.45,2.00,2.30,"6,624.39","8,192.00 / 5,485.70",BUY,14,8,2,4,-,2024-02-16,13:13:13
"6,610.35",6650.05,6660.00,6602.00,66,29.65,223.04,"4,08,822",2,7.52,0.45,2.00,2.30,"6,624.39","8,192.00 / 5,485.70",BUY,14,8,2,4,-,2024-02-16,13:13:23
"6,610.20",6650.05,6660.00,6602.00,66,29.65,223.04,"4,08,822",2,7.52,0.45,2.00,2.30,"6,624.39","8,192.00 / 5,485.70",BUY,14,8,2,4,-,2024-02-16,13:13:34
"6,610.90",6650.05,6660.00,6602.00,66,29.65,223.04,"4,08,822",2,7.52,0.45,2.00,2.30,"6,624.39","8,192.00 / 5,485.70",BUY,14,8,2,4,-,2024-02-16,13:13:44
"6,610.95",6650.05,6660.00,6602.00,66,29.65,223.04,"4,08,822",2,7.52,0.45,2.00,2.30,"6,624.39","8,192.00 / 5,485.70",BUY,14,8,2,4,-,2024-02-16,13:13:55
"6,611.00",6650.05,6660.00,6602.00,66,29.65,223.04,"4,08,822",2,7.52,0.45,2.00,2.30,"6,624.39","8,192.00 / 5,485.70",BUY,14,8,2,4,-,2024-02-16,13:14:05
"6,611.60",6650.05,6660.00,6602.00,66,29.65,223.04,"4,08,822",2,7.52,0.45,2.00,2.30,"6,624.39","8,192.00 / 5,485.70",BUY,14,8,2,4,-,2024-02-16,13:14:16
"6,611.00",6650.05,6660.00,6602.00,66,29.65,223.04,"4,08,822",2,7.52,0.45,2.00,2.30,"6,624.39","8,192.00 / 5,485.70",BUY,14,8,2,4,-,2024-02-16,13:14:26
"6,612.00",6650.05,6660.00,6602.00,66,29.65,223.04,"4,08,822",2,7.52,0.45,2.00,2.30,"6,624.39","8,192.00 / 5,485.70",BUY,14,8,2,4,-,2024-02-16,13:14:37
"6,611.50",6650.05,6660.00,6602.00,66,29.65,223.04,"4,08,822",2,7.52,0.45,2.00,2.30,"6,624.39","8,192.00 / 5,485.70",BUY,14,8,2,4,-,2024-02-16,13:14:47
"6,612.80",6650.05,6660.00,6602.00,66,29.65,223.04,"4,08,822",2,7.52,0.45,2.00,2.30,"6,624.39","8,192.00 / 5,485.70",BUY,14,8,2,4,-,2024-02-16,13:14:58
"6,612.75",6650.05,6660.00,6602.00,66,29.65,223.04,"4,08,822",2,7.52,0.45,2.00,2.30,"6,624.39","8,192.00 / 5,485.70",BUY,14,8,2,4,-,2024-02-16,13:15:08
"6,612.00",6650.05,6660.00,6602.00,66,29.65,223.04,"4,08,822",2,7.52,0.45,2.00,2.30,"6,624.39","8,192.00 / 5,485.70",BUY,14,8,2,4,-,2024-02-16,13:15:19
"6,613.00",6650.05,6660.00,6602.00,66,29.65,223.04,"4,08,822",2,7.52,0.45,2.00,2.30,"6,624.39","8,192.00 / 5,485.70",BUY,14,8,2,4,-,2024-02-16,13:15:30
"6,612.00",6650.05,6660.00,6602.00,66,29.65,223.04,"4,08,822",2,7.52,0.45,2.00,2.30,"6,624.39","8,192.00 / 5,485.70",BUY,14,8,2,4,-,2024-02-16,13:15:40
"6,610.30",6650.05,6660.00,6602.00,66,29.65,223.04,"4,08,822",2,7.52,0.45,2.00,2.30,"6,624.39","8,192.00 / 5,485.70",BUY,14,8,2,4,-,2024-02-16,13:15:51
"6,611.00",6650.05,6660.00,6602.00,66,29.65,223.04,"4,08,822",2,7.52,0.45,2.00,2.30,"6,624.39","8,192.00 / 5,485.70",BUY,14,8,2,4,-,2024-02-16,13:16:01
"6,613.25",6650.05,6660.00,6602.00,66,29.65,223.04,"4,08,822",2,7.52,0.45,2.00,2.30,"6,624.39","8,192.00 / 5,485.70",BUY,14,8,2,4,-,2024-02-16,13:16:12
"6,613.60",6650.05,6660.00,6602.00,66,29.65,223.04,"4,08,822",2,7.52,0.45,2.00,2.30,"6,624.39","8,192.00 / 5,485.70",BUY,14,8,2,4,-,2024-02-16,13:16:22
"6,611.90",6650.05,6660.00,6602.00,66,29.65,223.04,"4,08,822",2,7.52,0.45,2.00,2.30,"6,624.39","8,192.00 / 5,485.70",BUY,14,8,2,4,-,2024-02-16,13:16:33
"6,611.05",6650.05,6660.00,6602.00,66,29.65,223.04,"4,08,822",2,7.52,0.45,2.00,2.30,"6,624.39","8,192.00 / 5,485.70",BUY,14,8,2,4,-,2024-02-16,13:16:43
"6,610.90",6650.05,6660.00,6602.00,66,29.65,223.04,"4,08,822",2,7.52,0.45,2.00,2.30,"6,624.39","8,192.00 / 5,485.70",BUY,14,8,2,4,-,2024-02-16,13:16:53
"6,612.90",6650.05,6660.00,6602.00,66,29.65,223.04,"4,08,822",2,7.52,0.45,2.00,2.30,"6,624.39","8,192.00 / 5,485.70",BUY,14,8,2,4,-,2024-02-16,13:17:04
"6,612.90",6650.05,6660.00,6602.00,66,29.65,223.04,"4,08,822",2,7.52,0.45,2.00,2.30,"6,624.39","8,192.00 / 5,485.70",BUY,14,8,2,4,-,2024-02-16,13:17:14
"6,612.90",6650.05,6660.00,6602.00,66,29.65,223.04,"4,08,822",2,7.52,0.45,2.00,2.30,"6,624.39","8,192.00 / 5,485.70",BUY,14,8,2,4,-,2024-02-16,13:17:25
"6,611.00",6650.05,6660.00,6602.00,66,29.65,223.04,"4,08,822",2,7.52,0.45,2.00,2.30,"6,624.39","8,192.00 / 5,485.70",BUY,14,8,2,4,-,2024-02-16,13:17:35
"6,611.05",6650.05,6660.00,6602.00,66,29.65,223.04,"4,08,822",2,7.52,0.45,2.00,2.30,"6,624.39","8,192.00 / 5,485.70",BUY,14,8,2,4,-,2024-02-16,13:17:46
"6,611.00",6650.05,6660.00,6602.00,66,29.65,223.04,"4,08,822",2,7.52,0.45,2.00,2.30,"6,624.39","8,192.00 / 5,485.70",BUY,14,8,2,4,-,2024-02-16,13:17:56
"6,615.00",6650.05,6660.00,6602.00,66,29.63,223.04,"4,08,513",2,7.52,0.45,2.00,2.30,"6,622.15","8,192.00 / 5,485.70",BUY,14,8,2,4,-,2024-02-16,14:52:03
"6,613.30",6650.05,6660.00,6602.00,66,29.63,223.04,"4,08,513",2,7.52,0.45,2.00,2.30,"6,622.15","8,192.00 / 5,485.70",BUY,14,8,2,4,-,2024-02-16,14:52:13
"6,613.30",6650.05,6660.00,6602.00,66,29.63,223.04,"4,08,513",2,7.52,0.45,2.00,2.30,"6,622.15","8,192.00 / 5,485.70",BUY,14,8,2,4,-,2024-02-16,14:52:24
"6,613.30",6650.05,6660.00,6602.00,66,29.63,223.04,"4,08,513",2,7.52,0.45,2.00,2.30,"6,622.15","8,192.00 / 5,485.70",BUY,14,8,2,4,-,2024-02-16,14:52:34
"6,613.30",6650.05,6660.00,6602.00,66,29.63,223.04,"4,08,513",2,7.52,0.45,2.00,2.30,"6,622.15","8,192.00 / 5,485.70",BUY,14,8,2,4,-,2024-02-16,14:52:45
"6,613.30",6650.05,6660.00,6602.00,66,29.63,223.04,"4,08,513",2,7.52,0.45,2.00,2.30,"6,622.15","8,192.00 / 5,485.70",BUY,14,8,2,4,-,2024-02-16,14:52:55
"6,613.30",6650.05,6660.00,6602.00,66,29.63,223.04,"4,08,513",2,7.52,0.45,2.00,2.30,"6,622.15","8,192.00 / 5,485.70",BUY,14,8,2,4,-,2024-02-16,14:53:06
"6,613.30",6650.05,6660.00,6602.00,66,29.63,223.04,"4,08,513",2,7.52,0.45,2.00,2.30,"6,622.15","8,192.00 / 5,485.70",BUY,14,8,2,4,-,2024-02-16,14:53:16
"6,613.30",6650.05,6660.00,6602.00,66,29.63,223.04,"4,08,513",2,7.52,0.45,2.00,2.30,"6,622.15","8,192.00 / 5,485.70",BUY,14,8,2,4,-,2024-02-16,14:53:27
"6,613.30",6650.05,6660.00,6602.00,66,29.63,223.04,"4,08,513",2,7.52,0.45,2.00,2.30,"6,622.15","8,192.00 / 5,485.70",BUY,14,8,2,4,-,2024-02-16,14:53:37
"6,613.30",6650.05,6660.00,6602.00,66,29.63,223.04,"4,08,513",2,7.52,0.45,2.00,2.30,"6,622.15","8,192.00 / 5,485.70",BUY,14,8,2,4,-,2024-02-16,14:53:48
"6,609.50",,,,66,29.63,223.04,"4,08,513",2,7.52,0.45,2.00,2.30,"6,622.15","8,192.00 / 5,485.70",BUY,14,8,2,4,-,2024-02-16,14:54:00
"6,609.50",,,,66,29.63,223.04,"4,08,513",2,7.52,0.45,2.00,2.30,"6,622.15","8,192.00 / 5,485.70",BUY,14,8,2,4,-,2024-02-16,14:54:11
"6,609.50",,,,66,29.63,223.04,"4,08,513",2,7.52,0.45,2.00,2.30,"6,622.15","8,192.00 / 5,485.70",BUY,14,8,2,4,-,2024-02-16,14:54:21
"6,609.50",,,,66,29.63,223.04,"4,08,513",2,7.52,0.45,2.00,2.30,"6,622.15","8,192.00 / 5,485.70",BUY,14,8,2,4,-,2024-02-16,14:54:32
"6,609.50",,,,66,29.63,223.04,"4,08,513",2,7.52,0.45,2.00,2.30,"6,622.15","8,192.00 / 5,485.70",BUY,14,8,2,4,-,2024-02-16,14:54:42
"6,609.50",,,,66,29.63,223.04,"4,08,513",2,7.52,0.45,2.00,2.30,"6,622.15","8,192.00 / 5,485.70",BUY,14,8,2,4,-,2024-02-16,14:54:53
"6,609.50",,,,66,29.63,223.04,"4,08,513",2,7.52,0.45,2.00,2.30,"6,622.15","8,192.00 / 5,485.70",BUY,14,8,2,4,-,2024-02-16,14:55:03
"6,609.50",,,,66,29.63,223.04,"4,08,513",2,7.52,0.45,2.00,2.30,"6,622.15","8,192.00 / 5,485.70",BUY,14,8,2,4,-,2024-02-16,14:55:14
"6,609.50",,,,66,29.63,223.04,"4,08,513",2,7.52,0.45,2.00,2.30,"6,622.15","8,192.00 / 5,485.70",BUY,14,8,2,4,-,2024-02-16,14:55:24
"6,609.50",,,,66,29.63,223.04,"4,08,513",2,7.52,0.45,2.00,2.30,"6,622.15","8,192.00 / 5,485.70",BUY,14,8,2,4,-,2024-02-16,14:55:34
"6,609.50",,,,66,29.63,223.04,"4,08,513",2,7.52,0.45,2.00,2.30,"6,622.15","8,192.00 / 5,485.70",BUY,14,8,2,4,-,2024-02-16,14:55:45
"6,609.50",,,,66,29.63,223.04,"4,08,513",2,7.52,0.45,2.00,2.30,"6,622.15","8,192.00 / 5,485.70",BUY,14,8,2,4,-,2024-02-16,14:55:55
"6,609.50",,,,66,29.63,223.04,"4,08,513",2,7.52,0.45,2.00,2.30,"6,622.15","8,192.00 / 5,485.70",BUY,14,8,2,4,-,2024-02-16,14:56:06
"6,609.50",,,,66,29.63,223.04,"4,08,513",2,7.52,0.45,2.00,2.30,"6,622.15","8,192.00 / 5,485.70",BUY,14,8,2,4,-,2024-02-16,14:56:17
"6,609.50",,,,66,29.63,223.04,"4,08,513",2,7.52,0.45,2.00,2.30,"6,622.15","8,192.00 / 5,485.70",BUY,14,8,2,4,-,2024-02-16,14:56:27
"6,609.50",,,,66,29.63,223.04,"4,08,513",2,7.52,0.45,2.00,2.30,"6,622.15","8,192.00 / 5,485.70",BUY,14,8,2,4,-,2024-02-16,14:56:38
"6,609.50",,,,66,29.63,223.04,"4,08,513",2,7.52,0.45,2.00,2.30,"6,622.15","8,192.00 / 5,485.70",BUY,14,8,2,4,-,2024-02-16,14:56:48
"6,609.50",,,,66,29.63,223.04,"4,08,513",2,7.52,0.45,2.00,2.30,"6,622.15","8,192.00 / 5,485.70",BUY,14,8,2,4,-,2024-02-16,14:56:59
"6,609.50",,,,66,29.63,223.04,"4,08,513",2,7.52,0.45,2.00,2.30,"6,622.15","8,192.00 / 5,485.70",BUY,14,8,2,4,-,2024-02-16,14:57:09
"6,609.50",,,,66,29.63,223.04,"4,08,513",2,7.52,0.45,2.00,2.30,"6,622.15","8,192.00 / 5,485.70",BUY,14,8,2,4,-,2024-02-16,14:57:20
"6,617.45",6650.05,6660.00,6602.00,66,29.63,223.04,"4,08,513",2,7.52,0.45,2.00,2.30,"6,622.15","8,192.00 / 5,485.70",BUY,14,8,2,4,-,2024-02-16,14:57:30
"6,616.55",6650.05,6660.00,6602.00,66,29.63,223.04,"4,08,513",2,7.52,0.45,2.00,2.30,"6,622.15","8,192.00 / 5,485.70",BUY,14,8,2,4,-,2024-02-16,14:57:41
"6,620.00",6650.05,6660.00,6602.00,66,29.63,223.04,"4,08,513",2,7.52,0.45,2.00,2.30,"6,622.15","8,192.00 / 5,485.70",BUY,14,8,2,4,-,2024-02-16,14:57:51
"6,617.90",6650.05,6660.00,6602.00,66,29.63,223.04,"4,08,513",2,7.52,0.45,2.00,2.30,"6,622.15","8,192.00 / 5,485.70",BUY,14,8,2,4,-,2024-02-16,14:58:02
"6,617.20",6650.05,6660.00,6602.00,66,29.63,223.04,"4,08,513",2,7.52,0.45,2.00,2.30,"6,622.15","8,192.00 / 5,485.70",BUY,14,8,2,4,-,2024-02-16,14:58:12
"6,616.70",6650.05,6660.00,6602.00,66,29.63,223.04,"4,08,513",2,7.52,0.45,2.00,2.30,"6,622.15","8,192.00 / 5,485.70",BUY,14,8,2,4,-,2024-02-16,14:58:23
"6,615.00",6650.05,6660.00,6602.00,66,29.63,223.04,"4,08,513",2,7.52,0.45,2.00,2.30,"6,622.15","8,192.00 / 5,485.70",BUY,14,8,2,4,-,2024-02-16,14:58:34
"6,615.05",6650.05,6660.00,6602.00,66,29.63,223.04,"4,08,513",2,7.52,0.45,2.00,2.30,"6,622.15","8,192.00 / 5,485.70",BUY,14,8,2,4,-,2024-02-16,14:58:44
"6,616.00",6650.05,6660.00,6602.00,66,29.63,223.04,"4,08,513",2,7.52,0.45,2.00,2.30,"6,622.15","8,192.00 / 5,485.70",BUY,14,8,2,4,-,2024-02-16,14:58:55
"6,615.00",6650.05,6660.00,6602.00,66,29.63,223.04,"4,08,513",2,7.52,0.45,2.00,2.30,"6,622.15","8,192.00 / 5,485.70",BUY,14,8,2,4,-,2024-02-16,14:59:06
"6,615.00",6650.05,6660.00,6602.00,66,29.63,223.04,"4,08,513",2,7.52,0.45,2.00,2.30,"6,622.15","8,192.00 / 5,485.70",BUY,14,8,2,4,-,2024-02-16,14:59:17
"6,614.90",6650.05,6660.00,6602.00,66,29.63,223.04,"4,08,513",2,7.52,0.45,2.00,2.30,"6,622.15","8,192.00 / 5,485.70",BUY,14,8,2,4,-,2024-02-16,14:59:28
"6,615.00",6650.05,6660.00,6602.00,66,29.63,223.04,"4,08,513",2,7.52,0.45,2.00,2.30,"6,622.15","8,192.00 / 5,485.70",BUY,14,8,2,4,-,2024-02-16,14:59:39
"6,615.15",6650.05,6660.00,6602.00,66,29.63,223.04,"4,08,513",2,7.52,0.45,2.00,2.30,"6,622.15","8,192.00 / 5,485.70",BUY,14,8,2,4,-,2024-02-16,14:59:49
"6,616.00",6650.05,6660.00,6602.00,66,29.63,223.04,"4,08,513",2,7.52,0.45,2.00,2.30,"6,622.15","8,192.00 / 5,485.70",BUY,14,8,2,4,-,2024-02-16,15:00:00
"6,617.45",,,,66,29.65,223.04,"4,08,491",2,7.52,0.45,2.00,2.30,"6,621.55","8,192.00 / 5,485.70",BUY,14,8,2,4,-,2024-02-16,15:00:11
"6,617.45",,,,66,29.65,223.04,"4,08,491",2,7.52,0.45,2.00,2.30,"6,621.55","8,192.00 / 5,485.70",BUY,14,8,2,4,-,2024-02-16,15:00:23
"6,617.45",,,,66,29.65,223.04,"4,08,491",2,7.52,0.45,2.00,2.30,"6,621.55","8,192.00 / 5,485.70",BUY,14,8,2,4,-,2024-02-16,15:00:33
"6,617.45",,,,66,29.65,223.04,"4,08,491",2,7.52,0.45,2.00,2.30,"6,621.55","8,192.00 / 5,485.70",BUY,14,8,2,4,-,2024-02-16,15:00:44
"6,617.45",,,,66,29.65,223.04,"4,08,491",2,7.52,0.45,2.00,2.30,"6,621.55","8,192.00 / 5,485.70",BUY,14,8,2,4,-,2024-02-16,15:00:54
"6,617.45",,,,66,29.65,223.04,"4,08,491",2,7.52,0.45,2.00,2.30,"6,621.55","8,192.00 / 5,485.70",BUY,14,8,2,4,-,2024-02-16,15:01:05
"6,617.45",,,,66,29.65,223.04,"4,08,491",2,7.52,0.45,2.00,2.30,"6,621.55","8,192.00 / 5,485.70",BUY,14,8,2,4,-,2024-02-16,15:01:16
"6,617.45",,,,66,29.65,223.04,"4,08,491",2,7.52,0.45,2.00,2.30,"6,621.55","8,192.00 / 5,485.70",BUY,14,8,2,4,-,2024-02-16,15:01:26
"6,617.45",,,,66,29.65,223.04,"4,08,491",2,7.52,0.45,2.00,2.30,"6,621.55","8,192.00 / 5,485.70",BUY,14,8,2,4,-,2024-02-16,15:01:37
"6,617.45",,,,66,29.65,223.04,"4,08,491",2,7.52,0.45,2.00,2.30,"6,621.55","8,192.00 / 5,485.70",BUY,14,8,2,4,-,2024-02-16,15:01:47
"6,617.45",,,,66,29.65,223.04,"4,08,491",2,7.52,0.45,2.00,2.30,"6,621.55","8,192.00 / 5,485.70",BUY,14,8,2,4,-,2024-02-16,15:01:58
"6,617.45",,,,66,29.65,223.04,"4,08,491",2,7.52,0.45,2.00,2.30,"6,621.55","8,192.00 / 5,485.70",BUY,14,8,2,4,-,2024-02-16,15:02:08
"6,617.45",,,,66,29.65,223.04,"4,08,491",2,7.52,0.45,2.00,2.30,"6,621.55","8,192.00 / 5,485.70",BUY,14,8,2,4,-,2024-02-16,15:02:19
"6,617.45",,,,66,29.65,223.04,"4,08,491",2,7.52,0.45,2.00,2.30,"6,621.55","8,192.00 / 5,485.70",BUY,14,8,2,4,-,2024-02-16,15:02:29
"6,617.45",,,,66,29.65,223.04,"4,08,491",2,7.52,0.45,2.00,2.30,"6,621.55","8,192.00 / 5,485.70",BUY,14,8,2,4,-,2024-02-16,15:02:40
"6,617.45",,,,66,29.65,223.04,"4,08,491",2,7.52,0.45,2.00,2.30,"6,621.55","8,192.00 / 5,485.70",BUY,14,8,2,4,-,2024-02-16,15:02:50
"6,617.45",,,,66,29.65,223.04,"4,08,491",2,7.52,0.45,2.00,2.30,"6,621.55","8,192.00 / 5,485.70",BUY,14,8,2,4,-,2024-02-16,15:03:01
"6,617.45",,,,66,29.65,223.04,"4,08,491",2,7.52,0.45,2.00,2.30,"6,621.55","8,192.00 / 5,485.70",BUY,14,8,2,4,-,2024-02-16,15:03:12
"6,633.95",6650.05,6660.00,6602.00,66,29.65,223.04,"4,08,491",2,7.52,0.45,2.00,2.30,"6,621.55","8,192.00 / 5,485.70",BUY,14,8,2,4,-,2024-02-16,15:03:22
"6,632.75",6650.05,6660.00,6602.00,66,29.65,223.04,"4,08,491",2,7.52,0.45,2.00,2.30,"6,621.55","8,192.00 / 5,485.70",BUY,14,8,2,4,-,2024-02-16,15:03:33
"6,629.40",6650.05,6660.00,6602.00,66,29.65,223.04,"4,08,491",2,7.52,0.45,2.00,2.30,"6,621.55","8,192.00 / 5,485.70",BUY,14,8,2,4,-,2024-02-16,15:03:44
"6,630.05",6650.05,6660.00,6602.00,66,29.65,223.04,"4,08,491",2,7.52,0.45,2.00,2.30,"6,621.55","8,192.00 / 5,485.70",BUY,14,8,2,4,-,2024-02-16,15:03:54
"6,632.50",6650.05,6660.00,6602.00,66,29.65,223.04,"4,08,491",2,7.52,0.45,2.00,2.30,"6,621.55","8,192.00 / 5,485.70",BUY,14,8,2,4,-,2024-02-16,15:04:05
"6,631.00",6650.05,6660.00,6602.00,66,29.65,223.04,"4,08,491",2,7.52,0.45,2.00,2.30,"6,621.55","8,192.00 / 5,485.70",BUY,14,8,2,4,-,2024-02-16,15:04:15
"6,630.45",6650.05,6660.00,6602.00,66,29.65,223.04,"4,08,491",2,7.52,0.45,2.00,2.30,"6,621.55","8,192.00 / 5,485.70",BUY,14,8,2,4,-,2024-02-16,15:04:26
"6,631.15",6650.05,6660.00,6602.00,66,29.65,223.04,"4,08,491",2,7.52,0.45,2.00,2.30,"6,621.55","8,192.00 / 5,485.70",BUY,14,8,2,4,-,2024-02-16,15:04:36
"6,632.50",6650.05,6660.00,6602.00,66,29.65,223.04,"4,08,491",2,7.52,0.45,2.00,2.30,"6,621.55","8,192.00 / 5,485.70",BUY,14,8,2,4,-,2024-02-16,15:04:47
"6,633.05",6650.05,6660.00,6602.00,66,29.65,223.04,"4,08,491",2,7.52,0.45,2.00,2.30,"6,621.55","8,192.00 / 5,485.70",BUY,14,8,2,4,-,2024-02-16,15:04:58
"6,631.60",6650.05,6660.00,6602.00,66,29.65,223.04,"4,08,491",2,7.52,0.45,2.00,2.30,"6,621.55","8,192.00 / 5,485.70",BUY,14,8,2,4,-,2024-02-16,15:05:08
"6,629.00",6650.05,6660.00,6602.00,66,29.65,223.04,"4,08,491",2,7.52,0.45,2.00,2.30,"6,621.55","8,192.00 / 5,485.70",BUY,14,8,2,4,-,2024-02-16,15:05:19
"6,627.35",6650.05,6660.00,6602.00,66,29.65,223.04,"4,08,491",2,7.52,0.45,2.00,2.30,"6,621.55","8,192.00 / 5,485.70",BUY,14,8,2,4,-,2024-02-16,15:05:30
"6,625.05",6650.05,6660.00,6602.00,66,29.65,223.04,"4,08,491",2,7.52,0.45,2.00,2.30,"6,621.55","8,192.00 / 5,485.70",BUY,14,8,2,4,-,2024-02-16,15:05:40
"6,623.50",6650.05,6660.00,6602.00,66,29.65,223.04,"4,08,491",2,7.52,0.45,2.00,2.30,"6,621.55","8,192.00 / 5,485.70",BUY,14,8,2,4,-,2024-02-16,15:05:51
"6,625.85",6650.05,6660.00,6602.00,66,29.65,223.04,"4,08,491",2,7.52,0.45,2.00,2.30,"6,621.55","8,192.00 / 5,485.70",BUY,14,8,2,4,-,2024-02-16,15:06:01
"6,626.55",6650.05,6660.00,6602.00,66,29.65,223.04,"4,08,491",2,7.52,0.45,2.00,2.30,"6,621.55","8,192.00 / 5,485.70",BUY,14,8,2,4,-,2024-02-16,15:06:12
"6,624.00",6650.05,6660.00,6602.00,66,29.65,223.04,"4,08,491",2,7.52,0.45,2.00,2.30,"6,621.55","8,192.00 / 5,485.70",BUY,14,8,2,4,-,2024-02-16,15:06:23
"6,623.15",6650.05,6660.00,6602.00,66,29.65,223.04,"4,08,491",2,7.52,0.45,2.00,2.30,"6,621.55","8,192.00 / 5,485.70",BUY,14,8,2,4,-,2024-02-16,15:06:33
"6,623.15",6650.05,6660.00,6602.00,66,29.65,223.04,"4,08,491",2,7.52,0.45,2.00,2.30,"6,621.55","8,192.00 / 5,485.70",BUY,14,8,2,4,-,2024-02-16,15:06:44
"6,622.15",6650.05,6660.00,6602.00,66,29.65,223.04,"4,08,491",2,7.52,0.45,2.00,2.30,"6,621.55","8,192.00 / 5,485.70",BUY,14,8,2,4,-,2024-02-16,15:06:54
"6,622.85",6650.05,6660.00,6602.00,66,29.65,223.04,"4,08,491",2,7.52,0.45,2.00,2.30,"6,621.55","8,192.00 / 5,485.70",BUY,14,8,2,4,-,2024-02-16,15:07:05
"6,621.80",6650.05,6660.00,6602.00,66,29.65,223.04,"4,08,491",2,7.52,0.45,2.00,2.30,"6,621.55","8,192.00 / 5,485.70",BUY,14,8,2,4,-,2024-02-16,15:07:16
"6,620.05",6650.05,6660.00,6602.00,66,29.65,223.04,"4,08,491",2,7.52,0.45,2.00,2.30,"6,621.55","8,192.00 / 5,485.70",BUY,14,8,2,4,-,2024-02-16,15:07:26
"6,618.30",6650.05,6660.00,6602.00,66,29.65,223.04,"4,08,491",2,7.52,0.45,2.00,2.30,"6,621.55","8,192.00 / 5,485.70",BUY,14,8,2,4,-,2024-02-16,15:07:37
"6,616.30",6650.05,6660.00,6602.00,66,29.65,223.04,"4,08,491",2,7.52,0.45,2.00,2.30,"6,621.55","8,192.00 / 5,485.70",BUY,14,8,2,4,-,2024-02-16,15:07:48
"6,620.05",6650.05,6660.00,6602.00,66,29.65,223.04,"4,08,491",2,7.52,0.45,2.00,2.30,"6,621.55","8,192.00 / 5,485.70",BUY,14,8,2,4,-,2024-02-16,15:07:58
"6,622.25",6650.05,6660.00,6602.00,66,29.65,223.04,"4,08,491",2,7.52,0.45,2.00,2.30,"6,621.55","8,192.00 / 5,485.70",BUY,14,8,2,4,-,2024-02-16,15:08:09
"6,622.15",6650.05,6660.00,6602.00,66,29.65,223.04,"4,08,491",2,7.52,0.45,2.00,2.30,"6,621.55","8,192.00 / 5,485.70",BUY,14,8,2,4,-,2024-02-16,15:08:19
"6,620.30",6650.05,6660.00,6602.00,66,29.65,223.04,"4,08,491",2,7.52,0.45,2.00,2.30,"6,621.55","8,192.00 / 5,485.70",BUY,14,8,2,4,-,2024-02-16,15:08:31
"6,622.40",6650.05,6660.00,6602.00,66,29.65,223.04,"4,08,491",2,7.52,0.45,2.00,2.30,"6,621.55","8,192.00 / 5,485.70",BUY,14,8,2,4,-,2024-02-16,15:08:42
"6,622.35",6650.05,6660.00,6602.00,66,29.65,223.04,"4,08,491",2,7.52,0.45,2.00,2.30,"6,621.55","8,192.00 / 5,485.70",BUY,14,8,2,4,-,2024-02-16,15:08:52
"6,622.25",6650.05,6660.00,6602.00,66,29.65,223.04,"4,08,491",2,7.52,0.45,2.00,2.30,"6,621.55","8,192.00 / 5,485.70",BUY,14,8,2,4,-,2024-02-16,15:09:03
"6,624.80",6650.05,6660.00,6602.00,66,29.65,223.04,"4,08,491",2,7.52,0.45,2.00,2.30,"6,621.55","8,192.00 / 5,485.70",BUY,14,8,2,4,-,2024-02-16,15:09:13
"6,622.55",6650.05,6660.00,6602.00,66,29.65,223.04,"4,08,491",2,7.52,0.45,2.00,2.30,"6,621.55","8,192.00 / 5,485.70",BUY,14,8,2,4,-,2024-02-16,15:09:24
"6,620.70",6650.05,6660.00,6602.00,66,29.65,223.04,"4,08,491",2,7.52,0.45,2.00,2.30,"6,621.55","8,192.00 / 5,485.70",BUY,14,8,2,4,-,2024-02-16,15:09:34
"6,621.80",6650.05,6660.00,6602.00,66,29.65,223.04,"4,08,491",2,7.52,0.45,2.00,2.30,"6,621.55","8,192.00 / 5,485.70",BUY,14,8,2,4,-,2024-02-16,15:09:45
"6,627.40",6650.05,6660.00,6602.00,66,29.65,223.04,"4,08,491",2,7.52,0.45,2.00,2.30,"6,621.55","8,192.00 / 5,485.70",BUY,14,8,2,4,-,2024-02-16,15:09:56
"6,626.30",6650.05,6660.00,6602.00,66,29.65,223.04,"4,08,491",2,7.52,0.45,2.00,2.30,"6,621.55","8,192.00 / 5,485.70",BUY,14,8,2,4,-,2024-02-16,15:10:06
"6,625.05",6650.05,6660.00,6602.00,66,29.65,223.04,"4,08,491",2,7.52,0.45,2.00,2.30,"6,621.55","8,192.00 / 5,485.70",BUY,14,8,2,4,-,2024-02-16,15:10:17
"6,622.45",6650.05,6660.00,6602.00,66,29.65,223.04,"4,08,491",2,7.52,0.45,2.00,2.30,"6,621.55","8,192.00 / 5,485.70",BUY,14,8,2,4,-,2024-02-16,15:10:28
"6,624.30",6650.05,6660.00,6602.00,66,29.65,223.04,"4,08,491",2,7.52,0.45,2.00,2.30,"6,621.55","8,192.00 / 5,485.70",BUY,14,8,2,4,-,2024-02-16,15:10:38
"6,625.00",6650.05,6660.00,6602.00,66,29.65,223.04,"4,08,491",2,7.52,0.45,2.00,2.30,"6,621.55","8,192.00 / 5,485.70",BUY,14,8,2,4,-,2024-02-16,15:10:49
"6,626.30",6650.05,6660.00,6602.00,66,29.65,223.04,"4,08,491",2,7.52,0.45,2.00,2.30,"6,621.55","8,192.00 / 5,485.70",BUY,14,8,2,4,-,2024-02-16,15:11:00
"6,627.75",6650.05,6660.00,6602.00,66,29.65,223.04,"4,08,491",2,7.52,0.45,2.00,2.30,"6,621.55","8,192.00 / 5,485.70",BUY,14,8,2,4,-,2024-02-16,15:11:10
"6,627.70",6650.05,6660.00,6602.00,66,29.65,223.04,"4,08,491",2,7.52,0.45,2.00,2.30,"6,621.55","8,192.00 / 5,485.70",BUY,14,8,2,4,-,2024-02-16,15:11:21
"6,627.30",6650.05,6660.00,6602.00,66,29.65,223.04,"4,08,491",2,7.52,0.45,2.00,2.30,"6,621.55","8,192.00 / 5,485.70",BUY,14,8,2,4,-,2024-02-16,15:11:32
"6,626.20",6650.05,6660.00,6602.00,66,29.65,223.04,"4,08,491",2,7.52,0.45,2.00,2.30,"6,621.55","8,192.00 / 5,485.70",BUY,14,8,2,4,-,2024-02-16,15:11:42
"6,623.65",6650.05,6660.00,6602.00,66,29.65,223.04,"4,08,491",2,7.52,0.45,2.00,2.30,"6,621.55","8,192.00 / 5,485.70",BUY,14,8,2,4,-,2024-02-16,15:11:53
"6,624.95",6650.05,6660.00,6602.00,66,29.65,223.04,"4,08,491",2,7.52,0.45,2.00,2.30,"6,621.55","8,192.00 / 5,485.70",BUY,14,8,2,4,-,2024-02-16,15:12:03
"6,622.75",6650.05,6660.00,6602.00,66,29.65,223.04,"4,08,491",2,7.52,0.45,2.00,2.30,"6,621.55","8,192.00 / 5,485.70",BUY,14,8,2,4,-,2024-02-16,15:12:14
"6,625.00",6650.05,6660.00,6602.00,66,29.65,223.04,"4,08,491",2,7.52,0.45,2.00,2.30,"6,621.55","8,192.00 / 5,485.70",BUY,14,8,2,4,-,2024-02-16,15:12:25
"6,622.65",6650.05,6660.00,6602.00,66,29.65,223.04,"4,08,491",2,7.52,0.45,2.00,2.30,"6,621.55","8,192.00 / 5,485.70",BUY,14,8,2,4,-,2024-02-16,15:12:35
"6,621.75",6650.05,6660.00,6602.00,66,29.65,223.04,"4,08,491",2,7.52,0.45,2.00,2.30,"6,621.55","8,192.00 / 5,485.70",BUY,14,8,2,4,-,2024-02-16,15:12:46
"6,621.75",6650.05,6660.00,6602.00,66,29.65,223.04,"4,08,491",2,7.52,0.45,2.00,2.30,"6,621.55","8,192.00 / 5,485.70",BUY,14,8,2,4,-,2024-02-16,15:12:57
"6,619.70",6650.05,6660.00,6602.00,66,29.65,223.04,"4,08,491",2,7.52,0.45,2.00,2.30,"6,621.55","8,192.00 / 5,485.70",BUY,14,8,2,4,-,2024-02-16,15:13:07
"6,621.35",6650.05,6660.00,6602.00,66,29.65,223.04,"4,08,491",2,7.52,0.45,2.00,2.30,"6,621.55","8,192.00 / 5,485.70",BUY,14,8,2,4,-,2024-02-16,15:13:18
"6,621.15",6650.05,6660.00,6602.00,66,29.65,223.04,"4,08,491",2,7.52,0.45,2.00,2.30,"6,621.55","8,192.00 / 5,485.70",BUY,14,8,2,4,-,2024-02-16,15:13:29
"6,622.00",6650.05,6660.00,6602.00,66,29.65,223.04,"4,08,491",2,7.52,0.45,2.00,2.30,"6,621.55","8,192.00 / 5,485.70",BUY,14,8,2,4,-,2024-02-16,15:13:39
"6,621.75",6650.05,6660.00,6602.00,66,29.65,223.04,"4,08,491",2,7.52,0.45,2.00,2.30,"6,621.55","8,192.00 / 5,485.70",BUY,14,8,2,4,-,2024-02-16,15:13:50
"6,621.95",6650.05,6660.00,6602.00,66,29.65,223.04,"4,08,491",2,7.52,0.45,2.00,2.30,"6,621.55","8,192.00 / 5,485.70",BUY,14,8,2,4,-,2024-02-16,15:14:00
"6,622.00",6650.05,6660.00,6602.00,66,29.65,223.04,"4,08,491",2,7.52,0.45,2.00,2.30,"6,621.55","8,192.00 / 5,485.70",BUY,14,8,2,4,-,2024-02-16,15:14:11
"6,621.60",6650.05,6660.00,6602.00,66,29.65,223.04,"4,08,491",2,7.52,0.45,2.00,2.30,"6,621.55","8,192.00 / 5,485.70",BUY,14,8,2,4,-,2024-02-16,15:14:22
"6,623.05",6650.05,6660.00,6602.00,66,29.65,223.04,"4,08,491",2,7.52,0.45,2.00,2.30,"6,621.55","8,192.00 / 5,485.70",BUY,14,8,2,4,-,2024-02-16,15:14:32
"6,620.05",6650.05,6660.00,6602.00,66,29.65,223.04,"4,08,491",2,7.52,0.45,2.00,2.30,"6,621.55","8,192.00 / 5,485.70",BUY,14,8,2,4,-,2024-02-16,15:14:43
"6,615.95",6650.05,6660.00,6602.00,66,29.65,223.04,"4,08,491",2,7.52,0.45,2.00,2.30,"6,621.55","8,192.00 / 5,485.70",BUY,14,8,2,4,-,2024-02-16,15:14:53
"6,618.00",6650.05,6660.00,6602.00,66,29.65,223.04,"4,08,491",2,7.52,0.45,2.00,2.30,"6,621.55","8,192.00 / 5,485.70",BUY,14,8,2,4,-,2024-02-16,15:15:04
"6,620.00",6650.05,6660.00,6602.00,66,29.65,223.04,"4,08,491",2,7.52,0.45,2.00,2.30,"6,621.55","8,192.00 / 5,485.70",BUY,14,8,2,4,-,2024-02-16,15:15:15
"6,619.45",6650.05,6660.00,6602.00,66,29.65,223.04,"4,08,491",2,7.52,0.45,2.00,2.30,"6,621.55","8,192.00 / 5,485.70",BUY,14,8,2,4,-,2024-02-16,15:15:25
"6,618.35",6650.05,6660.00,6602.00,66,29.65,223.04,"4,08,491",2,7.52,0.45,2.00,2.30,"6,621.55","8,192.00 / 5,485.70",BUY,14,8,2,4,-,2024-02-16,15:15:36
"6,619.55",6650.05,6660.00,6602.00,66,29.65,223.04,"4,08,491",2,7.52,0.45,2.00,2.30,"6,621.55","8,192.00 / 5,485.70",BUY,14,8,2,4,-,2024-02-16,15:15:46
"6,619.85",6650.05,6660.00,6602.00,66,29.65,223.04,"4,08,491",2,7.52,0.45,2.00,2.30,"6,621.55","8,192.00 / 5,485.70",BUY,14,8,2,4,-,2024-02-16,15:15:57
"6,620.00",6650.05,6660.00,6602.00,66,29.65,223.04,"4,08,491",2,7.52,0.45,2.00,2.30,"6,621.55","8,192.00 / 5,485.70",BUY,14,8,2,4,-,2024-02-16,15:16:08
"6,619.85",6650.05,6660.00,6602.00,66,29.65,223.04,"4,08,491",2,7.52,0.45,2.00,2.30,"6,621.55","8,192.00 / 5,485.70",BUY,14,8,2,4,-,2024-02-16,15:16:19
"6,619.65",6650.05,6660.00,6602.00,66,29.65,223.04,"4,08,491",2,7.52,0.45,2.00,2.30,"6,621.55","8,192.00 / 5,485.70",BUY,14,8,2,4,-,2024-02-16,15:16:29
"6,618.05",6650.05,6660.00,6602.00,66,29.65,223.04,"4,08,491",2,7.52,0.45,2.00,2.30,"6,621.55","8,192.00 / 5,485.70",BUY,14,8,2,4,-,2024-02-16,15:16:40
"6,618.10",6650.05,6660.00,6602.00,66,29.65,223.04,"4,08,491",2,7.52,0.45,2.00,2.30,"6,621.55","8,192.00 / 5,485.70",BUY,14,8,2,4,-,2024-02-16,15:16:50
"6,618.10",6650.05,6660.00,6602.00,66,29.65,223.04,"4,08,491",2,7.52,0.45,2.00,2.30,"6,621.55","8,192.00 / 5,485.70",BUY,14,8,2,4,-,2024-02-16,15:17:01
"6,619.45",6650.05,6660.00,6602.00,66,29.65,223.04,"4,08,491",2,7.52,0.45,2.00,2.30,"6,621.55","8,192.00 / 5,485.70",BUY,14,8,2,4,-,2024-02-16,15:17:12
"6,619.70",6650.05,6660.00,6602.00,66,29.65,223.04,"4,08,491",2,7.52,0.45,2.00,2.30,"6,621.55","8,192.00 / 5,485.70",BUY,14,8,2,4,-,2024-02-16,15:17:22
"6,619.80",6650.05,6660.00,6602.00,66,29.65,223.04,"4,08,491",2,7.52,0.45,2.00,2.30,"6,621.55","8,192.00 / 5,485.70",BUY,14,8,2,4,-,2024-02-16,15:17:33
"6,619.75",6650.05,6660.00,6602.00,66,29.65,223.04,"4,08,491",2,7.52,0.45,2.00,2.30,"6,621.55","8,192.00 / 5,485.70",BUY,14,8,2,4,-,2024-02-16,15:17:44
"6,619.85",6650.05,6660.00,6602.00,66,29.65,223.04,"4,08,491",2,7.52,0.45,2.00,2.30,"6,621.55","8,192.00 / 5,485.70",BUY,14,8,2,4,-,2024-02-16,15:17:54
"6,619.20",6650.05,6660.00,6602.00,66,29.65,223.04,"4,08,491",2,7.52,0.45,2.00,2.30,"6,621.55","8,192.00 / 5,485.70",BUY,14,8,2,4,-,2024-02-16,15:18:05
"6,621.30",6650.05,6660.00,6602.00,66,29.65,223.04,"4,08,491",2,7.52,0.45,2.00,2.30,"6,621.55","8,192.00 / 5,485.70",BUY,14,8,2,4,-,2024-02-16,15:18:15
"6,622.20",6650.05,6660.00,6602.00,66,29.65,223.04,"4,08,491",2,7.52,0.45,2.00,2.30,"6,621.55","8,192.00 / 5,485.70",BUY,14,8,2,4,-,2024-02-16,15:18:26
"6,622.55",6650.05,6660.00,6602.00,66,29.65,223.04,"4,08,491",2,7.52,0.45,2.00,2.30,"6,621.55","8,192.00 / 5,485.70",BUY,14,8,2,4,-,2024-02-16,15:18:37
"6,622.95",6650.05,6660.00,6602.00,66,29.65,223.04,"4,08,491",2,7.52,0.45,2.00,2.30,"6,621.55","8,192.00 / 5,485.70",BUY,14,8,2,4,-,2024-02-16,15:18:48
"6,622.35",6650.05,6660.00,6602.00,66,29.65,223.04,"4,08,491",2,7.52,0.45,2.00,2.30,"6,621.55","8,192.00 / 5,485.70",BUY,14,8,2,4,-,2024-02-16,15:18:58
"6,622.00",6650.05,6660.00,6602.00,66,29.65,223.04,"4,08,491",2,7.52,0.45,2.00,2.30,"6,621.55","8,192.00 / 5,485.70",BUY,14,8,2,4,-,2024-02-16,15:19:09
"6,621.55",6650.05,6660.00,6602.00,66,29.65,223.04,"4,08,491",2,7.52,0.45,2.00,2.30,"6,621.55","8,192.00 / 5,485.70",BUY,14,8,2,4,-,2024-02-16,15:19:19
"6,623.65",6650.05,6660.00,6602.00,66,29.65,223.04,"4,08,491",2,7.52,0.45,2.00,2.30,"6,621.55","8,192.00 / 5,485.70",BUY,14,8,2,4,-,2024-02-16,15:19:30
"6,617.75",6650.05,6660.00,6602.00,66,29.65,223.04,"4,08,491",2,7.52,0.45,2.00,2.30,"6,621.55","8,192.00 / 5,485.70",BUY,14,8,2,4,-,2024-02-16,15:19:41
"6,619.50",6650.05,6660.00,6602.00,66,29.65,223.04,"4,08,491",2,7.52,0.45,2.00,2.30,"6,621.55","8,192.00 / 5,485.70",BUY,14,8,2,4,-,2024-02-16,15:19:52
"6,616.10",6650.05,6660.00,6602.00,66,29.65,223.04,"4,08,491",2,7.52,0.45,2.00,2.30,"6,621.55","8,192.00 / 5,485.70",BUY,14,8,2,4,-,2024-02-16,15:20:02
"6,617.15",6650.05,6660.00,6602.00,66,29.65,223.04,"4,08,491",2,7.52,0.45,2.00,2.30,"6,621.55","8,192.00 / 5,485.70",BUY,14,8,2,4,-,2024-02-16,15:20:14
"6,617.80",6650.05,6660.00,6602.00,66,29.65,223.04,"4,08,491",2,7.52,0.45,2.00,2.30,"6,621.55","8,192.00 / 5,485.70",BUY,14,8,2,4,-,2024-02-16,15:20:24
"6,618.60",6650.05,6660.00,6602.00,66,29.65,223.04,"4,08,491",2,7.52,0.45,2.00,2.30,"6,621.55","8,192.00 / 5,485.70",BUY,14,8,2,4,-,2024-02-16,15:20:35
"6,616.45",6650.05,6660.00,6602.00,66,29.65,223.04,"4,08,491",2,7.52,0.45,2.00,2.30,"6,621.55","8,192.00 / 5,485.70",BUY,14,8,2,4,-,2024-02-16,15:20:45
"6,614.25",6650.05,6660.00,6602.00,66,29.65,223.04,"4,08,491",2,7.52,0.45,2.00,2.30,"6,621.55","8,192.00 / 5,485.70",BUY,14,8,2,4,-,2024-02-16,15:20:56
"6,618.30",6650.05,6660.00,6602.00,66,29.65,223.04,"4,08,491",2,7.52,0.45,2.00,2.30,"6,621.55","8,192.00 / 5,485.70",BUY,14,8,2,4,-,2024-02-16,15:21:06
"6,619.05",6650.05,6660.00,6602.00,66,29.65,223.04,"4,08,491",2,7.52,0.45,2.00,2.30,"6,621.55","8,192.00 / 5,485.70",BUY,14,8,2,4,-,2024-02-16,15:21:17
"6,617.10",6650.05,6660.00,6602.00,66,29.65,223.04,"4,08,491",2,7.52,0.45,2.00,2.30,"6,621.55","8,192.00 / 5,485.70",BUY,14,8,2,4,-,2024-02-16,15:21:28
"6,618.30",6650.05,6660.00,6602.00,66,29.65,223.04,"4,08,491",2,7.52,0.45,2.00,2.30,"6,621.55","8,192.00 / 5,485.70",BUY,14,8,2,4,-,2024-02-16,15:21:38
"6,617.05",6650.05,6660.00,6602.00,66,29.65,223.04,"4,08,491",2,7.52,0.45,2.00,2.30,"6,621.55","8,192.00 / 5,485.70",BUY,14,8,2,4,-,2024-02-16,15:21:49
"6,616.95",6650.05,6660.00,6602.00,66,29.65,223.04,"4,08,491",2,7.52,0.45,2.00,2.30,"6,621.55","8,192.00 / 5,485.70",BUY,14,8,2,4,-,2024-02-16,15:21:59
"6,617.00",6650.05,6660.00,6602.00,66,29.70,223.04,"4,08,760",2,7.52,0.45,2.00,2.30,"6,621.61","8,192.00 / 5,485.70",BUY,14,8,2,4,-,2024-02-16,15:22:10
"6,610.85",6650.05,6660.00,6602.00,66,29.70,223.04,"4,08,760",2,7.52,0.45,2.00,2.30,"6,621.61","8,192.00 / 5,485.70",BUY,14,8,2,4,-,2024-02-16,15:22:21
"6,608.60",6650.05,6660.00,6602.00,66,29.70,223.04,"4,08,760",2,7.52,0.45,2.00,2.30,"6,621.61","8,192.00 / 5,485.70",BUY,14,8,2,4,-,2024-02-16,15:22:31
"6,611.35",6650.05,6660.00,6602.00,66,29.70,223.04,"4,08,760",2,7.52,0.45,2.00,2.30,"6,621.61","8,192.00 / 5,485.70",BUY,14,8,2,4,-,2024-02-16,15:22:42
"6,611.65",6650.05,6660.00,6602.00,66,29.70,223.04,"4,08,760",2,7.52,0.45,2.00,2.30,"6,621.61","8,192.00 / 5,485.70",BUY,14,8,2,4,-,2024-02-16,15:22:53
"6,613.45",6650.05,6660.00,6602.00,66,29.70,223.04,"4,08,760",2,7.52,0.45,2.00,2.30,"6,621.61","8,192.00 / 5,485.70",BUY,14,8,2,4,-,2024-02-16,15:23:03
"6,613.75",6650.05,6660.00,6602.00,66,29.70,223.04,"4,08,760",2,7.52,0.45,2.00,2.30,"6,621.61","8,192.00 / 5,485.70",BUY,14,8,2,4,-,2024-02-16,15:23:14
"6,614.95",6650.05,6660.00,6602.00,66,29.70,223.04,"4,08,760",2,7.52,0.45,2.00,2.30,"6,621.61","8,192.00 / 5,485.70",BUY,14,8,2,4,-,2024-02-16,15:23:25
"6,615.15",6650.05,6660.00,6602.00,66,29.70,223.04,"4,08,760",2,7.52,0.45,2.00,2.30,"6,621.61","8,192.00 / 5,485.70",BUY,14,8,2,4,-,2024-02-16,15:23:35
"6,613.85",6650.05,6660.00,6602.00,66,29.70,223.04,"4,08,760",2,7.52,0.45,2.00,2.30,"6,621.61","8,192.00 / 5,485.70",BUY,14,8,2,4,-,2024-02-16,15:23:46
"6,609.85",6650.05,6660.00,6602.00,66,29.70,223.04,"4,08,760",2,7.52,0.45,2.00,2.30,"6,621.61","8,192.00 / 5,485.70",BUY,14,8,2,4,-,2024-02-16,15:23:56
"6,612.10",6650.05,6660.00,6602.00,66,29.70,223.04,"4,08,760",2,7.52,0.45,2.00,2.30,"6,621.61","8,192.00 / 5,485.70",BUY,14,8,2,4,-,2024-02-16,15:24:07
"6,614.90",6650.05,6660.00,6602.00,66,29.70,223.04,"4,08,760",2,7.52,0.45,2.00,2.30,"6,621.61","8,192.00 / 5,485.70",BUY,14,8,2,4,-,2024-02-16,15:24:18
"6,614.75",6650.05,6660.00,6602.00,66,29.70,223.04,"4,08,760",2,7.52,0.45,2.00,2.30,"6,621.61","8,192.00 / 5,485.70",BUY,14,8,2,4,-,2024-02-16,15:24:28
"6,614.70",6650.05,6660.00,6602.00,66,29.70,223.04,"4,08,760",2,7.52,0.45,2.00,2.30,"6,621.61","8,192.00 / 5,485.70",BUY,14,8,2,4,-,2024-02-16,15:24:39
"6,614.90",6650.05,6660.00,6602.00,66,29.70,223.04,"4,08,760",2,7.52,0.45,2.00,2.30,"6,621.61","8,192.00 / 5,485.70",BUY,14,8,2,4,-,2024-02-16,15:24:50
"6,615.60",6650.05,6660.00,6602.00,66,29.70,223.04,"4,08,760",2,7.52,0.45,2.00,2.30,"6,621.61","8,192.00 / 5,485.70",BUY,14,8,2,4,-,2024-02-16,15:25:00
"6,615.45",6650.05,6660.00,6602.00,66,29.70,223.04,"4,08,760",2,7.52,0.45,2.00,2.30,"6,621.61","8,192.00 / 5,485.70",BUY,14,8,2,4,-,2024-02-16,15:25:11
"6,615.85",6650.05,6660.00,6602.00,66,29.70,223.04,"4,08,760",2,7.52,0.45,2.00,2.30,"6,621.61","8,192.00 / 5,485.70",BUY,14,8,2,4,-,2024-02-16,15:25:22
"6,611.65",6650.05,6660.00,6602.00,66,29.70,223.04,"4,08,760",2,7.52,0.45,2.00,2.30,"6,621.61","8,192.00 / 5,485.70",BUY,14,8,2,4,-,2024-02-16,15:25:32
"6,613.10",6650.05,6660.00,6602.00,66,29.70,223.04,"4,08,760",2,7.52,0.45,2.00,2.30,"6,621.61","8,192.00 / 5,485.70",BUY,14,8,2,4,-,2024-02-16,15:25:43
"6,614.50",6650.05,6660.00,6602.00,66,29.70,223.04,"4,08,760",2,7.52,0.45,2.00,2.30,"6,621.61","8,192.00 / 5,485.70",BUY,14,8,2,4,-,2024-02-16,15:25:54
"6,614.45",6650.05,6660.00,6602.00,66,29.70,223.04,"4,08,760",2,7.52,0.45,2.00,2.30,"6,621.61","8,192.00 / 5,485.70",BUY,14,8,2,4,-,2024-02-16,15:26:04
"6,614.65",6650.05,6660.00,6602.00,66,29.70,223.04,"4,08,760",2,7.52,0.45,2.00,2.30,"6,621.61","8,192.00 / 5,485.70",BUY,14,8,2,4,-,2024-02-16,15:26:17
"6,614.85",6650.05,6660.00,6602.00,66,29.70,223.04,"4,08,760",2,7.52,0.45,2.00,2.30,"6,621.61","8,192.00 / 5,485.70",BUY,14,8,2,4,-,2024-02-16,15:26:28
"6,615.05",6650.05,6660.00,6602.00,66,29.70,223.04,"4,08,760",2,7.52,0.45,2.00,2.30,"6,621.61","8,192.00 / 5,485.70",BUY,14,8,2,4,-,2024-02-16,15:26:38
"6,615.30",6650.05,6660.00,6602.00,66,29.70,223.04,"4,08,760",2,7.52,0.45,2.00,2.30,"6,621.61","8,192.00 / 5,485.70",BUY,14,8,2,4,-,2024-02-16,15:26:49
"6,615.25",6650.05,6660.00,6602.00,66,29.70,223.04,"4,08,760",2,7.52,0.45,2.00,2.30,"6,621.61","8,192.00 / 5,485.70",BUY,14,8,2,4,-,2024-02-16,15:26:59
"6,608.05",6650.05,6660.00,6602.00,66,29.70,223.04,"4,08,760",2,7.52,0.45,2.00,2.30,"6,621.61","8,192.00 / 5,485.70",BUY,14,8,2,4,-,2024-02-16,15:27:10
"6,613.95",6650.05,6660.00,6602.00,66,29.70,223.04,"4,08,760",2,7.52,0.45,2.00,2.30,"6,621.61","8,192.00 / 5,485.70",BUY,14,8,2,4,-,2024-02-16,15:27:21
"6,610.40",6650.05,6660.00,6602.00,66,29.70,223.04,"4,08,760",2,7.52,0.45,2.00,2.30,"6,621.61","8,192.00 / 5,485.70",BUY,14,8,2,4,-,2024-02-16,15:27:32
"6,609.05",6650.05,6660.00,6602.00,66,29.70,223.04,"4,08,760",2,7.52,0.45,2.00,2.30,"6,621.61","8,192.00 / 5,485.70",BUY,14,8,2,4,-,2024-02-16,15:27:42
"6,612.65",6650.05,6660.00,6602.00,66,29.70,223.04,"4,08,760",2,7.52,0.45,2.00,2.30,"6,621.61","8,192.00 / 5,485.70",BUY,14,8,2,4,-,2024-02-16,15:27:53
"6,614.30",6650.05,6660.00,6602.00,66,29.70,223.04,"4,08,760",2,7.52,0.45,2.00,2.30,"6,621.61","8,192.00 / 5,485.70",BUY,14,8,2,4,-,2024-02-16,15:28:04
"6,609.95",6650.05,6660.00,6602.00,66,29.70,223.04,"4,08,760",2,7.52,0.45,2.00,2.30,"6,621.61","8,192.00 / 5,485.70",BUY,14,8,2,4,-,2024-02-16,15:28:14
"6,610.00",6650.05,6660.00,6602.00,66,29.70,223.04,"4,08,760",2,7.52,0.45,2.00,2.30,"6,621.61","8,192.00 / 5,485.70",BUY,14,8,2,4,-,2024-02-16,15:28:25
"6,611.95",6650.05,6660.00,6602.00,66,29.70,223.04,"4,08,760",2,7.52,0.45,2.00,2.30,"6,621.61","8,192.00 / 5,485.70",BUY,14,8,2,4,-,2024-02-16,15:28:36
"6,612.90",6650.05,6660.00,6602.00,66,29.70,223.04,"4,08,760",2,7.52,0.45,2.00,2.30,"6,621.61","8,192.00 / 5,485.70",BUY,14,8,2,4,-,2024-02-16,15:28:46
"6,612.60",6650.05,6660.00,6602.00,66,29.70,223.04,"4,08,760",2,7.52,0.45,2.00,2.30,"6,621.61","8,192.00 / 5,485.70",BUY,14,8,2,4,-,2024-02-16,15:28:57
"6,610.95",6650.05,6660.00,6602.00,66,29.70,223.04,"4,08,760",2,7.52,0.45,2.00,2.30,"6,621.61","8,192.00 / 5,485.70",BUY,14,8,2,4,-,2024-02-16,15:29:08
"6,604.70",6650.05,6660.00,6602.00,66,29.70,223.04,"4,08,760",2,7.52,0.45,2.00,2.30,"6,621.61","8,192.00 / 5,485.70",BUY,14,8,2,4,-,2024-02-16,15:29:18
"6,610.50",6650.05,6660.00,6602.00,66,29.70,223.04,"4,08,760",2,7.52,0.45,2.00,2.30,"6,621.61","8,192.00 / 5,485.70",BUY,14,8,2,4,-,2024-02-16,15:29:29
"6,610.00",6650.05,6660.00,6602.00,66,29.70,223.04,"4,08,760",2,7.52,0.45,2.00,2.30,"6,621.61","8,192.00 / 5,485.70",BUY,14,8,2,4,-,2024-02-16,15:29:40
"6,604.00",6650.05,6660.00,6602.00,66,29.70,223.04,"4,08,760",2,7.52,0.45,2.00,2.30,"6,621.61","8,192.00 / 5,485.70",BUY,14,8,2,4,-,2024-02-16,15:29:50
"6,610.00",6650.05,6660.00,6602.00,66,29.70,223.04,"4,08,760",2,7.52,0.45,2.00,2.30,"6,621.61","8,192.00 / 5,485.70",BUY,14,8,2,4,-,2024-02-16,15:30:01
"6,614.00",6650.05,6660.00,6602.00,66,29.70,223.04,"4,08,760",2,7.52,0.45,2.00,2.30,"6,621.61","8,192.00 / 5,485.70",BUY,14,8,2,4,-,2024-02-16,15:30:12
"6,614.00",6650.05,6660.00,6602.00,66,29.70,223.04,"4,08,760",2,7.52,0.45,2.00,2.30,"6,621.61","8,192.00 / 5,485.70",BUY,14,8,2,4,-,2024-02-16,15:30:23
"6,614.00",6650.05,6660.00,6602.00,66,29.70,223.04,"4,08,760",2,7.52,0.45,2.00,2.30,"6,621.61","8,192.00 / 5,485.70",BUY,14,8,2,4,-,2024-02-16,15:30:33
"6,614.00",6650.05,6660.00,6602.00,66,29.70,223.04,"4,08,760",2,7.52,0.45,2.00,2.30,"6,621.61","8,192.00 / 5,485.70",BUY,14,8,2,4,-,2024-02-16,15:30:44
"6,614.00",6650.05,6660.00,6602.00,66,29.70,223.04,"4,08,760",2,7.52,0.45,2.00,2.30,"6,621.61","8,192.00 / 5,485.70",BUY,14,8,2,4,-,2024-02-16,15:30:55
"6,614.00",6650.05,6660.00,6602.00,66,29.70,223.04,"4,08,760",2,7.52,0.45,2.00,2.30,"6,621.61","8,192.00 / 5,485.70",BUY,14,8,2,4,-,2024-02-16,15:31:05
"6,614.00",6650.05,6660.00,6602.00,66,29.70,223.04,"4,08,760",2,7.52,0.45,2.00,2.30,"6,621.61","8,192.00 / 5,485.70",BUY,14,8,2,4,-,2024-02-16,15:31:16
"6,614.00",6650.05,6660.00,6602.00,66,29.70,223.04,"4,08,760",2,7.52,0.45,2.00,2.30,"6,621.61","8,192.00 / 5,485.70",BUY,14,8,2,4,-,2024-02-16,15:31:27
"6,619.20",7736.00,6569.15,10.1%,66,29.68,223.04,"4,09,081",2,7.52,0.45,2.00,2.30,"6,621.07","8,192.00 / 5,485.70",BUY,14,8,2,4,-,2024-02-18,13:22:59
"6,619.20",7736.00,6569.15,10.1%,66,29.68,223.04,"4,09,081",2,7.52,0.45,2.00,2.30,"6,621.07","8,192.00 / 5,485.70",BUY,14,8,2,4,-,2024-02-18,13:23:09
"6,619.20",7736.00,6569.15,10.1%,66,29.68,223.04,"4,09,081",2,7.52,0.45,2.00,2.30,"6,621.07","8,192.00 / 5,485.70",BUY,14,8,2,4,-,2024-02-18,13:23:22
"6,619.20",7736.00,6569.15,10.1%,66,29.68,223.04,"4,09,081",2,7.52,0.45,2.00,2.30,"6,621.07","8,192.00 / 5,485.70",BUY,14,8,2,4,-,2024-02-18,13:23:33
"6,619.20",7736.00,6569.15,10.1%,66,29.68,223.04,"4,09,081",2,7.52,0.45,2.00,2.30,"6,621.07","8,192.00 / 5,485.70",BUY,14,8,2,4,-,2024-02-18,13:23:43
"6,619.20",7736.00,6569.15,10.1%,66,29.68,223.04,"4,09,081",2,7.52,0.45,2.00,2.30,"6,621.07","8,192.00 / 5,485.70",BUY,14,8,2,4,-,2024-02-18,13:23:54
"6,619.20",7736.00,6569.15,10.1%,66,29.68,223.04,"4,09,081",2,7.52,0.45,2.00,2.30,"6,621.07","8,192.00 / 5,485.70",BUY,14,8,2,4,-,2024-02-18,13:24:05
"6,619.20",7736.00,6569.15,10.1%,66,29.68,223.04,"4,09,081",2,7.52,0.45,2.00,2.30,"6,621.07","8,192.00 / 5,485.70",BUY,14,8,2,4,-,2024-02-18,13:24:15
"6,619.20",7736.00,6569.15,10.1%,66,29.68,223.04,"4,09,081",2,7.52,0.45,2.00,2.30,"6,621.07","8,192.00 / 5,485.70",BUY,14,8,2,4,-,2024-02-18,13:24:26
"6,619.20",7736.00,6569.15,10.1%,66,29.68,223.04,"4,09,081",2,7.52,0.45,2.00,2.30,"6,621.07","8,192.00 / 5,485.70",BUY,14,8,2,4,-,2024-02-18,13:24:37
"6,619.20",7736.00,6569.15,10.1%,66,29.68,223.04,"4,09,081",2,7.52,0.45,2.00,2.30,"6,621.07","8,192.00 / 5,485.70",BUY,14,8,2,4,-,2024-02-18,13:24:47
"6,619.20",7736.00,6569.15,10.1%,66,29.68,223.04,"4,09,081",2,7.52,0.45,2.00,2.30,"6,621.07","8,192.00 / 5,485.70",BUY,14,8,2,4,-,2024-02-18,13:24:58
"6,619.20",7736.00,6569.15,10.1%,66,29.68,223.04,"4,09,081",2,7.52,0.45,2.00,2.30,"6,621.07","8,192.00 / 5,485.70",BUY,14,8,2,4,-,2024-02-18,13:25:08
"6,619.20",7736.00,6569.15,10.1%,66,29.68,223.04,"4,09,081",2,7.52,0.45,2.00,2.30,"6,621.07","8,192.00 / 5,485.70",BUY,14,8,2,4,-,2024-02-18,13:25:19
"6,619.20",7736.00,6569.15,10.1%,66,29.68,223.04,"4,09,081",2,7.52,0.45,2.00,2.30,"6,621.07","8,192.00 / 5,485.70",BUY,14,8,2,4,-,2024-02-18,13:25:30
"6,619.20",7736.00,6569.15,10.1%,66,29.68,223.04,"4,09,081",2,7.52,0.45,2.00,2.30,"6,621.07","8,192.00 / 5,485.70",BUY,14,8,2,4,-,2024-02-18,13:25:40
"6,619.20",7736.00,6569.15,10.1%,66,29.68,223.04,"4,09,081",2,7.52,0.45,2.00,2.30,"6,621.07","8,192.00 / 5,485.70",BUY,14,8,2,4,-,2024-02-18,13:25:51
"6,619.20",7736.00,6569.15,10.1%,66,29.68,223.04,"4,09,081",2,7.52,0.45,2.00,2.30,"6,621.07","8,192.00 / 5,485.70",BUY,14,8,2,4,-,2024-02-18,13:26:01
"6,619.20",7736.00,6569.15,10.1%,66,29.68,223.04,"4,09,081",2,7.52,0.45,2.00,2.30,"6,621.07","8,192.00 / 5,485.70",BUY,14,8,2,4,-,2024-02-18,13:26:12
"6,619.20",7736.00,6569.15,10.1%,66,29.68,223.04,"4,09,081",2,7.52,0.45,2.00,2.30,"6,621.07","8,192.00 / 5,485.70",BUY,14,8,2,4,-,2024-02-18,13:26:23
"6,619.20",7736.00,6569.15,10.1%,66,29.68,223.04,"4,09,081",2,7.52,0.45,2.00,2.30,"6,621.07","8,192.00 / 5,485.70",BUY,14,8,2,4,-,2024-02-18,13:26:33
"6,619.20",7736.00,6569.15,10.1%,66,29.68,223.04,"4,09,081",2,7.52,0.45,2.00,2.30,"6,621.07","8,192.00 / 5,485.70",BUY,14,8,2,4,-,2024-02-18,13:26:44
"6,619.20",7736.00,6569.15,10.1%,66,29.68,223.04,"4,09,081",2,7.52,0.45,2.00,2.30,"6,621.07","8,192.00 / 5,485.70",BUY,14,8,2,4,-,2024-02-18,13:26:55
"6,619.20",7736.00,6569.15,10.1%,66,29.68,223.04,"4,09,081",2,7.52,0.45,2.00,2.30,"6,621.07","8,192.00 / 5,485.70",BUY,14,8,2,4,-,2024-02-18,13:27:05
"6,619.20",7736.00,6569.15,10.1%,66,29.68,223.04,"4,09,081",2,7.52,0.45,2.00,2.30,"6,621.07","8,192.00 / 5,485.70",BUY,14,8,2,4,-,2024-02-18,13:27:16
"6,619.20",7736.00,6569.15,10.1%,66,29.68,223.04,"4,09,081",2,7.52,0.45,2.00,2.30,"6,621.07","8,192.00 / 5,485.70",BUY,14,8,2,4,-,2024-02-18,13:27:26
"6,619.20",7736.00,6569.15,10.1%,66,29.68,223.04,"4,09,081",2,7.52,0.45,2.00,2.30,"6,621.07","8,192.00 / 5,485.70",BUY,14,8,2,4,-,2024-02-18,13:27:37
"6,619.20",7736.00,6569.15,10.1%,66,29.68,223.04,"4,09,081",2,7.52,0.45,2.00,2.30,"6,621.07","8,192.00 / 5,485.70",BUY,14,8,2,4,-,2024-02-18,13:27:48
